tape_id,episode_id,algorithm,event_count,event_success_count,event_success_rate,legal_coverage_rate,weighted_uncovered,recovery_delay,recovery_delay_observed_count,cumulative_uncovered_time,normalized_distance,load_gap,switch_count,repair_count,temporary_infeasible_count,temporary_infeasible_rate,final_infeasible_count,final_infeasible_rate,episode_return,fixed_j,avg_reward,decision_count,inference_latency_ms,event_to_action_latency_ms,communication_trigger_count,communication_bytes,communication_opportunities,communication_suppressed,communication_suppression_rate,pre_mask_invalid_probability,mask_rate,gate_mean,gate_variance,value_error,value_squared_error,cumulative_weighted_vacancy,scenario,family,training_seed,checkpoint,checkpoint_sha256
atomic_triple_shock-C00,PPO-MLP seed=1101/atomic_triple_shock-C00,PPO-MLP seed=1101,5,5,1.0,1.0,0.0,1.6,5,8.009999999999998,0.07120172449447873,0.41666666666666663,8,0,0,0.0,0,0.0,20.852686087252803,119.0498619122929,2.6065857609066003,8,20.104962500000003,0.0,4,2327,8,4,0.5,0.8203838765621185,0.7573529411764705,,,13.71849982660057,215.98096060471823,8.009999999999998,atomic_triple_shock,PPO-MLP,1101,results/random_event/minimum_validation_50k_2afa8ec/preliminary/runs/PPO-MLP/seed_1101/models/ppo_mlp_seed1101_step50000.pt,cc0d3d77d0d93ef7ae910b84795405d0bb50811317eb5f310c031d709d30b4e5
atomic_triple_shock-C00,GPPO-Adaptive seed=1101/atomic_triple_shock-C00,GPPO-Adaptive seed=1101,5,5,1.0,1.0,0.0,1.8,5,9.011999999999999,0.08593311576919847,0.5416666666666666,9,0,0,0.0,0,0.0,20.852686087252803,115.35878747739177,2.316965120805867,9,21.068022222222226,0.0,4,2327,9,5,0.5555555555555556,0.9562834103902181,0.7581699346405228,0.5590298512467631,0.008026244916221715,15.137192965626017,246.29072881421723,9.011999999999999,atomic_triple_shock,GPPO-Adaptive,1101,results/random_event/minimum_validation_50k_2afa8ec/preliminary/runs/GPPO-Adaptive/seed_1101/models/gppo_adaptive_seed1101_step50000.pt,2f378fc0d7bf6c23dc97402a9f8d0c1e20a5aa7f4a698e32a7ede0d494980b88
atomic_triple_shock-C00,PPO-MLP seed=2202/atomic_triple_shock-C00,PPO-MLP seed=2202,5,5,1.0,1.0,0.0,1.6,5,8.009999999999998,0.07120172449447873,0.41666666666666663,8,0,0,0.0,0,0.0,20.852686087252803,119.0498619122929,2.6065857609066003,8,1.9156625,0.0,4,2327,8,4,0.5,0.8202962279319763,0.7573529411764705,,,14.334271120240707,227.83127244343197,8.009999999999998,atomic_triple_shock,PPO-MLP,2202,results/random_event/minimum_validation_50k_2afa8ec/preliminary/runs/PPO-MLP/seed_2202/models/ppo_mlp_seed2202_step50000.pt,c88d41a7f2ca7b0173303035d441bb1e3a0bdb09cf4776f9fa43dac1d64d4cf0
atomic_triple_shock-C00,GPPO-Adaptive seed=2202/atomic_triple_shock-C00,GPPO-Adaptive seed=2202,5,5,1.0,1.0,0.0,1.8,5,9.011999999999999,0.08593311576919847,0.5416666666666666,9,0,0,0.0,0,0.0,20.852686087252803,115.35878747739177,2.316965120805867,9,16.540900000000004,0.0,4,2327,9,5,0.5555555555555556,0.8708342247539096,0.7581699346405228,0.5038905568696834,0.014211871830279305,13.888184045168389,209.51586382196385,9.011999999999999,atomic_triple_shock,GPPO-Adaptive,2202,results/random_event/minimum_validation_50k_2afa8ec/preliminary/runs/GPPO-Adaptive/seed_2202/models/gppo_adaptive_seed2202_step50000.pt,3350ddee817e440d673517141a3c5d42bcaaf8419c90730933e91e8514f3a33f
atomic_triple_shock-C00,PPO-MLP seed=3303/atomic_triple_shock-C00,PPO-MLP seed=3303,5,5,1.0,1.0,0.0,1.6,5,8.009999999999998,0.07120172449447873,0.41666666666666663,8,0,0,0.0,0,0.0,20.852686087252803,119.0498619122929,2.6065857609066003,8,1.6796,0.0,4,2327,8,4,0.5,0.81491519510746,0.7573529411764705,,,13.879972862412949,216.59949281389947,8.009999999999998,atomic_triple_shock,PPO-MLP,3303,results/random_event/minimum_validation_50k_2afa8ec/preliminary/runs/PPO-MLP/seed_3303/models/ppo_mlp_seed3303_step50000.pt,5fe8988e4980eccdff55ccc5d3cbb099ffd2dafa0ff1798b0ef41994113216e3
atomic_triple_shock-C00,GPPO-Adaptive seed=3303/atomic_triple_shock-C00,GPPO-Adaptive seed=3303,5,5,1.0,1.0,0.0,1.6,5,9.011999999999999,0.07611218825271865,0.5833333333333333,8,0,0,0.0,0,0.0,20.852686087252803,119.74617043399253,2.6065857609066003,8,16.069712499999998,0.0,4,2327,8,4,0.5,0.7812285497784615,0.7426470588235293,0.5162060068299373,0.004722293319028903,15.014085303159867,241.43603553175532,9.011999999999999,atomic_triple_shock,GPPO-Adaptive,3303,results/random_event/minimum_validation_50k_2afa8ec/preliminary/runs/GPPO-Adaptive/seed_3303/models/gppo_adaptive_seed3303_step50000.pt,595253bce8e56358e077b57e3ae9d56c7babaeb6e5a3539be3663c8bf7b0a3c0
atomic_triple_shock-C00,Nearest Legal/atomic_triple_shock-C00,Nearest Legal,5,5,1.0,1.0,0.0,1.6,5,8.009999999999998,0.09329881140655835,0.9166666666666666,8,0,0,0.0,0,0.0,18.764297739604483,123.22663860758954,2.3455372174505604,8,0.07743749999999999,0.0,4,2327,8,4,0.5,,0.7573529411764705,,,,,8.009999999999998,atomic_triple_shock,Nearest Legal,,,
atomic_triple_shock-C00,Min Load/atomic_triple_shock-C00,Min Load,5,5,1.0,1.0,0.0,1.6,5,8.009999999999998,0.07120172449447873,0.41666666666666663,8,0,0,0.0,0,0.0,20.852686087252803,119.0498619122929,2.6065857609066003,8,0.09203750000000001,0.0,4,2327,8,4,0.5,,0.7573529411764705,,,,,8.009999999999998,atomic_triple_shock,Min Load,,,
atomic_triple_shock-C00,Greedy Cost/atomic_triple_shock-C00,Greedy Cost,5,5,1.0,1.0,0.0,1.8,5,9.011999999999999,0.08593311576919847,0.5416666666666666,9,0,0,0.0,0,0.0,20.852686087252803,115.35878747739177,2.316965120805867,9,5.619355555555557,0.0,4,2327,9,5,0.5555555555555556,,0.7581699346405228,,,,,9.011999999999999,atomic_triple_shock,Greedy Cost,,,
atomic_triple_shock-C00,Current-Pending Exact Planner/atomic_triple_shock-C00,Current-Pending Exact Planner,5,5,1.0,1.0,0.0,1.8,5,9.011999999999999,0.08593311576919847,0.5416666666666666,9,0,0,0.0,0,0.0,20.852686087252803,115.35878747739177,2.316965120805867,9,6.194977777777777,0.0,4,2327,9,5,0.5555555555555556,,0.7581699346405228,,,,,9.011999999999999,atomic_triple_shock,Current-Pending Exact Planner,,,
atomic_triple_shock-C01,PPO-MLP seed=1101/atomic_triple_shock-C01,PPO-MLP seed=1101,5,5,1.0,1.0,0.0,1.4,5,8.009999999999998,0.06138079697799891,0.4583333333333333,7,0,0,0.0,0,0.0,20.852686087252803,123.43724486889364,2.9789551553218288,7,1.322657142857143,0.0,4,2321,7,3,0.42857142857142855,0.8009483133043561,0.7394957983193277,,,14.594856428428516,238.85746484946574,8.009999999999998,atomic_triple_shock,PPO-MLP,1101,results/random_event/minimum_validation_50k_2afa8ec/preliminary/runs/PPO-MLP/seed_1101/models/ppo_mlp_seed1101_step50000.pt,cc0d3d77d0d93ef7ae910b84795405d0bb50811317eb5f310c031d709d30b4e5
atomic_triple_shock-C01,GPPO-Adaptive seed=1101/atomic_triple_shock-C01,GPPO-Adaptive seed=1101,5,5,1.0,1.0,0.0,1.4,5,8.009999999999998,0.06138079697799891,0.4583333333333333,7,0,0,0.0,0,0.0,20.852686087252803,123.43724486889364,2.9789551553218288,7,8.964785714285714,0.0,4,2321,7,3,0.42857142857142855,0.9376635040555682,0.7394957983193277,0.5651750646176792,0.008425402870004711,15.376405882163867,252.9007469058553,8.009999999999998,atomic_triple_shock,GPPO-Adaptive,1101,results/random_event/minimum_validation_50k_2afa8ec/preliminary/runs/GPPO-Adaptive/seed_1101/models/gppo_adaptive_seed1101_step50000.pt,2f378fc0d7bf6c23dc97402a9f8d0c1e20a5aa7f4a698e32a7ede0d494980b88
atomic_triple_shock-C01,PPO-MLP seed=2202/atomic_triple_shock-C01,PPO-MLP seed=2202,5,5,1.0,1.0,0.0,1.4,5,8.009999999999998,0.06138079697799891,0.4583333333333333,7,0,0,0.0,0,0.0,20.852686087252803,123.43724486889364,2.9789551553218288,7,1.0559857142857143,0.0,4,2321,7,3,0.42857142857142855,0.7936132039342608,0.7394957983193277,,,14.7425605528792,240.7966084300464,8.009999999999998,atomic_triple_shock,PPO-MLP,2202,results/random_event/minimum_validation_50k_2afa8ec/preliminary/runs/PPO-MLP/seed_2202/models/ppo_mlp_seed2202_step50000.pt,c88d41a7f2ca7b0173303035d441bb1e3a0bdb09cf4776f9fa43dac1d64d4cf0
atomic_triple_shock-C01,GPPO-Adaptive seed=2202/atomic_triple_shock-C01,GPPO-Adaptive seed=2202,5,5,1.0,1.0,0.0,1.4,5,8.009999999999998,0.06138079697799891,0.4583333333333333,7,0,0,0.0,0,0.0,20.852686087252803,123.43724486889364,2.9789551553218288,7,13.276271428571432,0.0,4,2321,7,3,0.42857142857142855,0.8179653031485421,0.7394957983193277,0.5147732357893671,0.01318899297997558,14.576345201229506,227.73666035998028,8.009999999999998,atomic_triple_shock,GPPO-Adaptive,2202,results/random_event/minimum_validation_50k_2afa8ec/preliminary/runs/GPPO-Adaptive/seed_2202/models/gppo_adaptive_seed2202_step50000.pt,3350ddee817e440d673517141a3c5d42bcaaf8419c90730933e91e8514f3a33f
atomic_triple_shock-C01,PPO-MLP seed=3303/atomic_triple_shock-C01,PPO-MLP seed=3303,5,5,1.0,1.0,0.0,1.4,5,8.009999999999998,0.06138079697799891,0.4583333333333333,7,0,0,0.0,0,0.0,20.852686087252803,123.43724486889364,2.9789551553218288,7,1.4965142857142855,0.0,4,2321,7,3,0.42857142857142855,0.7894216520445687,0.7394957983193277,,,14.517154996064189,234.2160274000093,8.009999999999998,atomic_triple_shock,PPO-MLP,3303,results/random_event/minimum_validation_50k_2afa8ec/preliminary/runs/PPO-MLP/seed_3303/models/ppo_mlp_seed3303_step50000.pt,5fe8988e4980eccdff55ccc5d3cbb099ffd2dafa0ff1798b0ef41994113216e3
atomic_triple_shock-C01,GPPO-Adaptive seed=3303/atomic_triple_shock-C01,GPPO-Adaptive seed=3303,5,5,1.0,1.0,0.0,1.4,5,8.009999999999998,0.06138079697799891,0.4583333333333333,7,0,0,0.0,0,0.0,20.852686087252803,123.43724486889364,2.9789551553218288,7,13.436871428571427,0.0,4,2321,7,3,0.42857142857142855,0.7173737585544586,0.7394957983193277,0.5105057195538566,0.00496523620892053,14.3718147577655,224.6207511506963,8.009999999999998,atomic_triple_shock,GPPO-Adaptive,3303,results/random_event/minimum_validation_50k_2afa8ec/preliminary/runs/GPPO-Adaptive/seed_3303/models/gppo_adaptive_seed3303_step50000.pt,595253bce8e56358e077b57e3ae9d56c7babaeb6e5a3539be3663c8bf7b0a3c0
atomic_triple_shock-C01,Nearest Legal/atomic_triple_shock-C01,Nearest Legal,5,5,1.0,1.0,0.0,1.4,5,8.009999999999998,0.08347788389007851,1.125,7,0,0,0.0,0,0.0,17.882148869802243,128.28068823085695,2.554592695686035,7,0.09315714285714286,0.0,4,2321,7,3,0.42857142857142855,,0.7394957983193277,,,,,8.009999999999998,atomic_triple_shock,Nearest Legal,,,
atomic_triple_shock-C01,Min Load/atomic_triple_shock-C01,Min Load,5,5,1.0,1.0,0.0,1.4,5,8.009999999999998,0.06138079697799891,0.4583333333333333,7,0,0,0.0,0,0.0,20.852686087252803,123.43724486889364,2.9789551553218288,7,0.08881428571428572,0.0,4,2321,7,3,0.42857142857142855,,0.7394957983193277,,,,,8.009999999999998,atomic_triple_shock,Min Load,,,
atomic_triple_shock-C01,Greedy Cost/atomic_triple_shock-C01,Greedy Cost,5,5,1.0,1.0,0.0,1.4,5,8.009999999999998,0.06138079697799891,0.4583333333333333,7,0,0,0.0,0,0.0,20.852686087252803,123.43724486889364,2.9789551553218288,7,5.526514285714286,0.0,4,2321,7,3,0.42857142857142855,,0.7394957983193277,,,,,8.009999999999998,atomic_triple_shock,Greedy Cost,,,
atomic_triple_shock-C01,Current-Pending Exact Planner/atomic_triple_shock-C01,Current-Pending Exact Planner,5,5,1.0,1.0,0.0,1.4,5,8.009999999999998,0.06138079697799891,0.4583333333333333,7,0,0,0.0,0,0.0,20.852686087252803,123.43724486889364,2.9789551553218288,7,7.050128571428572,0.0,4,2321,7,3,0.42857142857142855,,0.7394957983193277,,,,,8.009999999999998,atomic_triple_shock,Current-Pending Exact Planner,,,
atomic_triple_shock-C02,PPO-MLP seed=1101/atomic_triple_shock-C02,PPO-MLP seed=1101,5,5,1.0,1.0,0.0,1.2,5,3.0029999999999997,0.12521682583511778,0.75,6,0,0,0.0,0,0.0,15.607686087252802,114.09425565098879,2.6012810145421335,6,1.444,0.0,4,2327,6,2,0.3333333333333333,0.8785782158374786,0.8137254901960783,,,14.720915873864241,237.18006894278324,3.0029999999999997,atomic_triple_shock,PPO-MLP,1101,results/random_event/minimum_validation_50k_2afa8ec/preliminary/runs/PPO-MLP/seed_1101/models/ppo_mlp_seed1101_step50000.pt,cc0d3d77d0d93ef7ae910b84795405d0bb50811317eb5f310c031d709d30b4e5
atomic_triple_shock-C02,GPPO-Adaptive seed=1101/atomic_triple_shock-C02,GPPO-Adaptive seed=1101,5,5,1.0,1.0,0.0,1.2,5,3.0029999999999997,0.12521682583511778,0.75,6,0,0,0.0,0,0.0,15.607686087252802,114.09425565098879,2.6012810145421335,6,12.966066666666665,0.0,4,2327,6,2,0.3333333333333333,0.968618760506312,0.8137254901960783,0.5449148180584114,0.009145189068015714,15.02536225320791,246.7584559473638,3.0029999999999997,atomic_triple_shock,GPPO-Adaptive,1101,results/random_event/minimum_validation_50k_2afa8ec/preliminary/runs/GPPO-Adaptive/seed_1101/models/gppo_adaptive_seed1101_step50000.pt,2f378fc0d7bf6c23dc97402a9f8d0c1e20a5aa7f4a698e32a7ede0d494980b88
atomic_triple_shock-C02,PPO-MLP seed=2202/atomic_triple_shock-C02,PPO-MLP seed=2202,5,5,1.0,1.0,0.0,1.2,5,3.0029999999999997,0.12521682583511778,0.75,6,0,0,0.0,0,0.0,15.607686087252802,114.09425565098879,2.6012810145421335,6,1.4536,0.0,4,2327,6,2,0.3333333333333333,0.8805020848910013,0.8137254901960783,,,12.529720703779605,184.3825290427719,3.0029999999999997,atomic_triple_shock,PPO-MLP,2202,results/random_event/minimum_validation_50k_2afa8ec/preliminary/runs/PPO-MLP/seed_2202/models/ppo_mlp_seed2202_step50000.pt,c88d41a7f2ca7b0173303035d441bb1e3a0bdb09cf4776f9fa43dac1d64d4cf0
atomic_triple_shock-C02,GPPO-Adaptive seed=2202/atomic_triple_shock-C02,GPPO-Adaptive seed=2202,5,5,1.0,1.0,0.0,1.2,5,3.0029999999999997,0.12521682583511778,0.75,6,0,0,0.0,0,0.0,15.607686087252802,114.09425565098879,2.6012810145421335,6,13.148016666666669,0.0,4,2327,6,2,0.3333333333333333,0.9518440763155619,0.8137254901960783,0.4778463718377881,0.011527604130698954,11.002264738101708,136.84142495143135,3.0029999999999997,atomic_triple_shock,GPPO-Adaptive,2202,results/random_event/minimum_validation_50k_2afa8ec/preliminary/runs/GPPO-Adaptive/seed_2202/models/gppo_adaptive_seed2202_step50000.pt,3350ddee817e440d673517141a3c5d42bcaaf8419c90730933e91e8514f3a33f
atomic_triple_shock-C02,PPO-MLP seed=3303/atomic_triple_shock-C02,PPO-MLP seed=3303,5,5,1.0,1.0,0.0,1.2,5,3.0029999999999997,0.12521682583511778,0.75,6,0,0,0.0,0,0.0,15.607686087252802,114.09425565098879,2.6012810145421335,6,1.3261833333333335,0.0,4,2327,6,2,0.3333333333333333,0.8761421740055084,0.8137254901960783,,,14.046544949232485,218.81423747027654,3.0029999999999997,atomic_triple_shock,PPO-MLP,3303,results/random_event/minimum_validation_50k_2afa8ec/preliminary/runs/PPO-MLP/seed_3303/models/ppo_mlp_seed3303_step50000.pt,5fe8988e4980eccdff55ccc5d3cbb099ffd2dafa0ff1798b0ef41994113216e3
atomic_triple_shock-C02,GPPO-Adaptive seed=3303/atomic_triple_shock-C02,GPPO-Adaptive seed=3303,5,5,1.0,1.0,0.0,1.2,5,3.0029999999999997,0.12521682583511778,0.75,6,0,0,0.0,0,0.0,16.112686087252804,114.09425565098879,2.685447681208801,6,13.447833333333334,0.0,4,2327,6,2,0.3333333333333333,0.9362506171067556,0.8137254901960783,0.4861113702257474,0.0049426846491557345,12.51701046945547,181.0929314594457,3.0029999999999997,atomic_triple_shock,GPPO-Adaptive,3303,results/random_event/minimum_validation_50k_2afa8ec/preliminary/runs/GPPO-Adaptive/seed_3303/models/gppo_adaptive_seed3303_step50000.pt,595253bce8e56358e077b57e3ae9d56c7babaeb6e5a3539be3663c8bf7b0a3c0
atomic_triple_shock-C02,Nearest Legal/atomic_triple_shock-C02,Nearest Legal,5,5,1.0,1.0,0.0,1.2,5,3.0029999999999997,0.12521682583511778,0.75,6,0,0,0.0,0,0.0,15.607686087252802,114.09425565098879,2.6012810145421335,6,0.06835000000000001,0.0,4,2327,6,2,0.3333333333333333,,0.8137254901960783,,,,,3.0029999999999997,atomic_triple_shock,Nearest Legal,,,
atomic_triple_shock-C02,Min Load/atomic_triple_shock-C02,Min Load,5,5,1.0,1.0,0.0,1.2,5,3.0029999999999997,0.12521682583511778,0.75,6,0,0,0.0,0,0.0,15.607686087252802,114.09425565098879,2.6012810145421335,6,0.07815000000000001,0.0,4,2327,6,2,0.3333333333333333,,0.8137254901960783,,,,,3.0029999999999997,atomic_triple_shock,Min Load,,,
atomic_triple_shock-C02,Greedy Cost/atomic_triple_shock-C02,Greedy Cost,5,5,1.0,1.0,0.0,1.2,5,3.0029999999999997,0.12521682583511778,0.75,6,0,0,0.0,0,0.0,15.607686087252802,114.09425565098879,2.6012810145421335,6,4.626266666666667,0.0,4,2327,6,2,0.3333333333333333,,0.8137254901960783,,,,,3.0029999999999997,atomic_triple_shock,Greedy Cost,,,
atomic_triple_shock-C02,Current-Pending Exact Planner/atomic_triple_shock-C02,Current-Pending Exact Planner,5,5,1.0,1.0,0.0,1.2,5,3.0029999999999997,0.12521682583511778,0.75,6,0,0,0.0,0,0.0,15.607686087252802,114.09425565098879,2.6012810145421335,6,5.696783333333333,0.0,4,2327,6,2,0.3333333333333333,,0.8137254901960783,,,,,3.0029999999999997,atomic_triple_shock,Current-Pending Exact Planner,,,
atomic_triple_shock-C03,PPO-MLP seed=1101/atomic_triple_shock-C03,PPO-MLP seed=1101,5,5,1.0,1.0,0.0,1.2,5,3.0029999999999997,0.12521682583511778,0.75,6,0,0,0.0,0,0.0,15.607686087252802,114.09425565098879,2.6012810145421335,6,2.2319166666666668,0.0,4,2319,6,2,0.3333333333333333,0.8785839974880219,0.8137254901960783,,,14.751550594984439,236.2322228164403,3.0029999999999997,atomic_triple_shock,PPO-MLP,1101,results/random_event/minimum_validation_50k_2afa8ec/preliminary/runs/PPO-MLP/seed_1101/models/ppo_mlp_seed1101_step50000.pt,cc0d3d77d0d93ef7ae910b84795405d0bb50811317eb5f310c031d709d30b4e5
atomic_triple_shock-C03,GPPO-Adaptive seed=1101/atomic_triple_shock-C03,GPPO-Adaptive seed=1101,5,5,1.0,1.0,0.0,1.2,5,3.0029999999999997,0.12521682583511778,0.75,6,0,0,0.0,0,0.0,15.607686087252802,114.09425565098879,2.6012810145421335,6,18.036383333333333,0.0,4,2319,6,2,0.3333333333333333,0.974382738272349,0.8137254901960783,0.5305839888751507,0.0074741739994322555,14.878332694390364,237.9781128951262,3.0029999999999997,atomic_triple_shock,GPPO-Adaptive,1101,results/random_event/minimum_validation_50k_2afa8ec/preliminary/runs/GPPO-Adaptive/seed_1101/models/gppo_adaptive_seed1101_step50000.pt,2f378fc0d7bf6c23dc97402a9f8d0c1e20a5aa7f4a698e32a7ede0d494980b88
atomic_triple_shock-C03,PPO-MLP seed=2202/atomic_triple_shock-C03,PPO-MLP seed=2202,5,5,1.0,1.0,0.0,1.2,5,3.0029999999999997,0.12521682583511778,0.75,6,0,0,0.0,0,0.0,15.607686087252802,114.09425565098879,2.6012810145421335,6,2.0256000000000003,0.0,4,2319,6,2,0.3333333333333333,0.8806477685769399,0.8137254901960783,,,14.094111998894759,220.25989787278198,3.0029999999999997,atomic_triple_shock,PPO-MLP,2202,results/random_event/minimum_validation_50k_2afa8ec/preliminary/runs/PPO-MLP/seed_2202/models/ppo_mlp_seed2202_step50000.pt,c88d41a7f2ca7b0173303035d441bb1e3a0bdb09cf4776f9fa43dac1d64d4cf0
atomic_triple_shock-C03,GPPO-Adaptive seed=2202/atomic_triple_shock-C03,GPPO-Adaptive seed=2202,5,5,1.0,1.0,0.0,1.2,5,3.0029999999999997,0.12521682583511778,0.75,6,0,0,0.0,0,0.0,15.607686087252802,114.09425565098879,2.6012810145421335,6,17.185616666666668,0.0,4,2319,6,2,0.3333333333333333,0.9559005796909332,0.8137254901960783,0.4881231762054894,0.008695939624248292,12.724375804284163,176.03201342734005,3.0029999999999997,atomic_triple_shock,GPPO-Adaptive,2202,results/random_event/minimum_validation_50k_2afa8ec/preliminary/runs/GPPO-Adaptive/seed_2202/models/gppo_adaptive_seed2202_step50000.pt,3350ddee817e440d673517141a3c5d42bcaaf8419c90730933e91e8514f3a33f
atomic_triple_shock-C03,PPO-MLP seed=3303/atomic_triple_shock-C03,PPO-MLP seed=3303,5,5,1.0,1.0,0.0,1.2,5,3.0029999999999997,0.12521682583511778,0.75,6,0,0,0.0,0,0.0,15.607686087252802,114.09425565098879,2.6012810145421335,6,2.112833333333333,0.0,4,2319,6,2,0.3333333333333333,0.8762768010298411,0.8137254901960783,,,14.020777781823226,216.50341251424538,3.0029999999999997,atomic_triple_shock,PPO-MLP,3303,results/random_event/minimum_validation_50k_2afa8ec/preliminary/runs/PPO-MLP/seed_3303/models/ppo_mlp_seed3303_step50000.pt,5fe8988e4980eccdff55ccc5d3cbb099ffd2dafa0ff1798b0ef41994113216e3
atomic_triple_shock-C03,GPPO-Adaptive seed=3303/atomic_triple_shock-C03,GPPO-Adaptive seed=3303,5,5,1.0,1.0,0.0,1.2,5,3.0029999999999997,0.12521682583511778,0.75,6,0,0,0.0,0,0.0,15.607686087252802,114.09425565098879,2.6012810145421335,6,16.569383333333334,0.0,4,2319,6,2,0.3333333333333333,0.940272867679596,0.8137254901960783,0.4949652697477076,0.005652433456058784,13.762962102908837,209.25063464040338,3.0029999999999997,atomic_triple_shock,GPPO-Adaptive,3303,results/random_event/minimum_validation_50k_2afa8ec/preliminary/runs/GPPO-Adaptive/seed_3303/models/gppo_adaptive_seed3303_step50000.pt,595253bce8e56358e077b57e3ae9d56c7babaeb6e5a3539be3663c8bf7b0a3c0
atomic_triple_shock-C03,Nearest Legal/atomic_triple_shock-C03,Nearest Legal,5,5,1.0,1.0,0.0,1.2,5,3.0029999999999997,0.12521682583511778,0.75,6,0,0,0.0,0,0.0,15.607686087252802,114.09425565098879,2.6012810145421335,6,0.0747,0.0,4,2319,6,2,0.3333333333333333,,0.8137254901960783,,,,,3.0029999999999997,atomic_triple_shock,Nearest Legal,,,
atomic_triple_shock-C03,Min Load/atomic_triple_shock-C03,Min Load,5,5,1.0,1.0,0.0,1.2,5,3.0029999999999997,0.12521682583511778,0.75,6,0,0,0.0,0,0.0,15.607686087252802,114.09425565098879,2.6012810145421335,6,0.08008333333333333,0.0,4,2319,6,2,0.3333333333333333,,0.8137254901960783,,,,,3.0029999999999997,atomic_triple_shock,Min Load,,,
atomic_triple_shock-C03,Greedy Cost/atomic_triple_shock-C03,Greedy Cost,5,5,1.0,1.0,0.0,1.2,5,3.0029999999999997,0.12521682583511778,0.75,6,0,0,0.0,0,0.0,15.607686087252802,114.09425565098879,2.6012810145421335,6,5.452416666666667,0.0,4,2319,6,2,0.3333333333333333,,0.8137254901960783,,,,,3.0029999999999997,atomic_triple_shock,Greedy Cost,,,
atomic_triple_shock-C03,Current-Pending Exact Planner/atomic_triple_shock-C03,Current-Pending Exact Planner,5,5,1.0,1.0,0.0,1.2,5,3.0029999999999997,0.12521682583511778,0.75,6,0,0,0.0,0,0.0,15.607686087252802,114.09425565098879,2.6012810145421335,6,4.577816666666667,0.0,4,2319,6,2,0.3333333333333333,,0.8137254901960783,,,,,3.0029999999999997,atomic_triple_shock,Current-Pending Exact Planner,,,
atomic_triple_shock-C04,PPO-MLP seed=1101/atomic_triple_shock-C04,PPO-MLP seed=1101,5,5,1.0,1.0,0.0,1.6,5,8.009999999999998,0.07120172449447873,0.41666666666666663,8,0,0,0.0,0,0.0,20.852686087252803,119.0498619122929,2.6065857609066003,8,2.3319125,0.0,4,2326,8,4,0.5,0.8174933269619942,0.7573529411764705,,,13.740057634522934,216.24930575637762,8.009999999999998,atomic_triple_shock,PPO-MLP,1101,results/random_event/minimum_validation_50k_2afa8ec/preliminary/runs/PPO-MLP/seed_1101/models/ppo_mlp_seed1101_step50000.pt,cc0d3d77d0d93ef7ae910b84795405d0bb50811317eb5f310c031d709d30b4e5
atomic_triple_shock-C04,GPPO-Adaptive seed=1101/atomic_triple_shock-C04,GPPO-Adaptive seed=1101,5,5,1.0,1.0,0.0,1.4,5,8.009999999999998,0.06138079697799891,0.4583333333333333,7,0,0,0.0,0,0.0,20.852686087252803,123.43724486889364,2.9789551553218288,7,13.36807142857143,0.0,4,2326,7,3,0.42857142857142855,0.8782869407108852,0.7394957983193277,0.5625822419921557,0.008420804451906367,15.301028826586998,252.34001844330828,8.009999999999998,atomic_triple_shock,GPPO-Adaptive,1101,results/random_event/minimum_validation_50k_2afa8ec/preliminary/runs/GPPO-Adaptive/seed_1101/models/gppo_adaptive_seed1101_step50000.pt,2f378fc0d7bf6c23dc97402a9f8d0c1e20a5aa7f4a698e32a7ede0d494980b88
atomic_triple_shock-C04,PPO-MLP seed=2202/atomic_triple_shock-C04,PPO-MLP seed=2202,5,5,1.0,1.0,0.0,1.6,5,8.009999999999998,0.07120172449447873,0.41666666666666663,8,0,0,0.0,0,0.0,20.852686087252803,119.0498619122929,2.6065857609066003,8,1.9198874999999997,0.0,4,2326,8,4,0.5,0.8117337971925735,0.7573529411764705,,,13.508656310250778,210.08235108500963,8.009999999999998,atomic_triple_shock,PPO-MLP,2202,results/random_event/minimum_validation_50k_2afa8ec/preliminary/runs/PPO-MLP/seed_2202/models/ppo_mlp_seed2202_step50000.pt,c88d41a7f2ca7b0173303035d441bb1e3a0bdb09cf4776f9fa43dac1d64d4cf0
atomic_triple_shock-C04,GPPO-Adaptive seed=2202/atomic_triple_shock-C04,GPPO-Adaptive seed=2202,5,5,1.0,1.0,0.0,1.4,5,8.009999999999998,0.06138079697799891,0.4583333333333333,7,0,0,0.0,0,0.0,20.852686087252803,123.43724486889364,2.9789551553218288,7,16.048514285714283,0.0,4,2326,7,3,0.42857142857142855,0.8042744994163513,0.7394957983193277,0.5051903048796313,0.01626089224476244,13.895368878510478,212.93685227567045,8.009999999999998,atomic_triple_shock,GPPO-Adaptive,2202,results/random_event/minimum_validation_50k_2afa8ec/preliminary/runs/GPPO-Adaptive/seed_2202/models/gppo_adaptive_seed2202_step50000.pt,3350ddee817e440d673517141a3c5d42bcaaf8419c90730933e91e8514f3a33f
atomic_triple_shock-C04,PPO-MLP seed=3303/atomic_triple_shock-C04,PPO-MLP seed=3303,5,5,1.0,1.0,0.0,1.6,5,8.009999999999998,0.07120172449447873,0.41666666666666663,8,0,0,0.0,0,0.0,20.852686087252803,119.0498619122929,2.6065857609066003,8,2.6092375,0.0,4,2326,8,4,0.5,0.8076202422380447,0.7573529411764705,,,14.069007801225204,220.21848920200037,8.009999999999998,atomic_triple_shock,PPO-MLP,3303,results/random_event/minimum_validation_50k_2afa8ec/preliminary/runs/PPO-MLP/seed_3303/models/ppo_mlp_seed3303_step50000.pt,5fe8988e4980eccdff55ccc5d3cbb099ffd2dafa0ff1798b0ef41994113216e3
atomic_triple_shock-C04,GPPO-Adaptive seed=3303/atomic_triple_shock-C04,GPPO-Adaptive seed=3303,5,5,1.0,1.0,0.0,1.4,5,8.009999999999998,0.06138079697799891,0.4583333333333333,7,0,0,0.0,0,0.0,20.852686087252803,123.43724486889364,2.9789551553218288,7,19.38762857142857,0.0,4,2326,7,3,0.42857142857142855,0.7238821302141462,0.7394957983193277,0.5046405072013537,0.0049618891523210635,14.078052823212627,216.53944576394414,8.009999999999998,atomic_triple_shock,GPPO-Adaptive,3303,results/random_event/minimum_validation_50k_2afa8ec/preliminary/runs/GPPO-Adaptive/seed_3303/models/gppo_adaptive_seed3303_step50000.pt,595253bce8e56358e077b57e3ae9d56c7babaeb6e5a3539be3663c8bf7b0a3c0
atomic_triple_shock-C04,Nearest Legal/atomic_triple_shock-C04,Nearest Legal,5,5,1.0,1.0,0.0,1.6,5,8.009999999999998,0.08035463758239914,0.75,8,0,0,0.0,0,0.0,18.86488997137003,120.4564185503296,2.3581112464212537,8,0.0845125,0.0,4,2326,8,4,0.5,,0.7573529411764705,,,,,8.009999999999998,atomic_triple_shock,Nearest Legal,,,
atomic_triple_shock-C04,Min Load/atomic_triple_shock-C04,Min Load,5,5,1.0,1.0,0.0,1.6,5,8.009999999999998,0.07120172449447873,0.41666666666666663,8,0,0,0.0,0,0.0,20.852686087252803,119.0498619122929,2.6065857609066003,8,0.1360875,0.0,4,2326,8,4,0.5,,0.7573529411764705,,,,,8.009999999999998,atomic_triple_shock,Min Load,,,
atomic_triple_shock-C04,Greedy Cost/atomic_triple_shock-C04,Greedy Cost,5,5,1.0,1.0,0.0,1.6,5,9.011999999999999,0.07611218825271865,0.5833333333333333,8,0,0,0.0,0,0.0,20.852686087252803,119.74617043399253,2.6065857609066003,8,9.503425,0.0,4,2326,8,4,0.5,,0.7426470588235293,,,,,9.011999999999999,atomic_triple_shock,Greedy Cost,,,
atomic_triple_shock-C04,Current-Pending Exact Planner/atomic_triple_shock-C04,Current-Pending Exact Planner,5,5,1.0,1.0,0.0,1.8,5,9.011999999999999,0.13749298523071757,1.125,9,0,0,0.0,0,0.0,20.852686087252803,117.8983602885712,2.316965120805867,9,6.339277777777777,0.0,4,2326,9,5,0.5555555555555556,,0.7581699346405228,,,,,9.011999999999999,atomic_triple_shock,Current-Pending Exact Planner,,,
atomic_triple_shock-C05,PPO-MLP seed=1101/atomic_triple_shock-C05,PPO-MLP seed=1101,5,5,1.0,1.0,0.0,1.4,5,8.009999999999998,0.06138079697799891,0.4583333333333333,7,0,0,0.0,0,0.0,20.852686087252803,123.43724486889364,2.9789551553218288,7,1.595757142857143,0.0,4,2321,7,3,0.42857142857142855,0.8007655143737793,0.7394957983193277,,,14.866813280932702,244.951334778138,8.009999999999998,atomic_triple_shock,PPO-MLP,1101,results/random_event/minimum_validation_50k_2afa8ec/preliminary/runs/PPO-MLP/seed_1101/models/ppo_mlp_seed1101_step50000.pt,cc0d3d77d0d93ef7ae910b84795405d0bb50811317eb5f310c031d709d30b4e5
atomic_triple_shock-C05,GPPO-Adaptive seed=1101/atomic_triple_shock-C05,GPPO-Adaptive seed=1101,5,5,1.0,1.0,0.0,1.4,5,8.009999999999998,0.06138079697799891,0.4583333333333333,7,0,0,0.0,0,0.0,20.852686087252803,123.43724486889364,2.9789551553218288,7,13.664328571428571,0.0,4,2321,7,3,0.42857142857142855,0.918400228023529,0.7394957983193277,0.5596870095247315,0.007632751870567297,15.547011132931166,256.2319181284202,8.009999999999998,atomic_triple_shock,GPPO-Adaptive,1101,results/random_event/minimum_validation_50k_2afa8ec/preliminary/runs/GPPO-Adaptive/seed_1101/models/gppo_adaptive_seed1101_step50000.pt,2f378fc0d7bf6c23dc97402a9f8d0c1e20a5aa7f4a698e32a7ede0d494980b88
atomic_triple_shock-C05,PPO-MLP seed=2202/atomic_triple_shock-C05,PPO-MLP seed=2202,5,5,1.0,1.0,0.0,1.4,5,8.009999999999998,0.06138079697799891,0.4583333333333333,7,0,0,0.0,0,0.0,20.852686087252803,123.43724486889364,2.9789551553218288,7,2.1807000000000003,0.0,4,2321,7,3,0.42857142857142855,0.7932413390704564,0.7394957983193277,,,14.79967256546988,242.2766265864414,8.009999999999998,atomic_triple_shock,PPO-MLP,2202,results/random_event/minimum_validation_50k_2afa8ec/preliminary/runs/PPO-MLP/seed_2202/models/ppo_mlp_seed2202_step50000.pt,c88d41a7f2ca7b0173303035d441bb1e3a0bdb09cf4776f9fa43dac1d64d4cf0
atomic_triple_shock-C05,GPPO-Adaptive seed=2202/atomic_triple_shock-C05,GPPO-Adaptive seed=2202,5,5,1.0,1.0,0.0,1.4,5,8.009999999999998,0.06138079697799891,0.4583333333333333,7,0,0,0.0,0,0.0,20.852686087252803,123.43724486889364,2.9789551553218288,7,13.546328571428573,0.0,4,2321,7,3,0.42857142857142855,0.8076804280281067,0.7394957983193277,0.5041752649205071,0.014656084223507674,14.382340324956488,223.1489200286863,8.009999999999998,atomic_triple_shock,GPPO-Adaptive,2202,results/random_event/minimum_validation_50k_2afa8ec/preliminary/runs/GPPO-Adaptive/seed_2202/models/gppo_adaptive_seed2202_step50000.pt,3350ddee817e440d673517141a3c5d42bcaaf8419c90730933e91e8514f3a33f
atomic_triple_shock-C05,PPO-MLP seed=3303/atomic_triple_shock-C05,PPO-MLP seed=3303,5,5,1.0,1.0,0.0,1.4,5,8.009999999999998,0.06138079697799891,0.4583333333333333,7,0,0,0.0,0,0.0,20.852686087252803,123.43724486889364,2.9789551553218288,7,1.449085714285714,0.0,4,2321,7,3,0.42857142857142855,0.7898124711854118,0.7394957983193277,,,14.22832246781363,228.92067126486387,8.009999999999998,atomic_triple_shock,PPO-MLP,3303,results/random_event/minimum_validation_50k_2afa8ec/preliminary/runs/PPO-MLP/seed_3303/models/ppo_mlp_seed3303_step50000.pt,5fe8988e4980eccdff55ccc5d3cbb099ffd2dafa0ff1798b0ef41994113216e3
atomic_triple_shock-C05,GPPO-Adaptive seed=3303/atomic_triple_shock-C05,GPPO-Adaptive seed=3303,5,5,1.0,1.0,0.0,1.4,5,8.009999999999998,0.06138079697799891,0.4583333333333333,7,0,0,0.0,0,0.0,20.852686087252803,123.43724486889364,2.9789551553218288,7,12.925200000000002,0.0,4,2321,7,3,0.42857142857142855,0.7434295203004565,0.7394957983193277,0.5203047440875144,0.0048736898765103665,15.09219172614929,243.04571552723328,8.009999999999998,atomic_triple_shock,GPPO-Adaptive,3303,results/random_event/minimum_validation_50k_2afa8ec/preliminary/runs/GPPO-Adaptive/seed_3303/models/gppo_adaptive_seed3303_step50000.pt,595253bce8e56358e077b57e3ae9d56c7babaeb6e5a3539be3663c8bf7b0a3c0
atomic_triple_shock-C05,Nearest Legal/atomic_triple_shock-C05,Nearest Legal,5,5,1.0,1.0,0.0,1.4,5,8.009999999999998,0.08347788389007851,1.125,7,0,0,0.0,0,0.0,17.882148869802243,128.28068823085695,2.554592695686035,7,0.08108571428571429,0.0,4,2321,7,3,0.42857142857142855,,0.7394957983193277,,,,,8.009999999999998,atomic_triple_shock,Nearest Legal,,,
atomic_triple_shock-C05,Min Load/atomic_triple_shock-C05,Min Load,5,5,1.0,1.0,0.0,1.4,5,8.009999999999998,0.06138079697799891,0.4583333333333333,7,0,0,0.0,0,0.0,20.852686087252803,123.43724486889364,2.9789551553218288,7,0.09559999999999999,0.0,4,2321,7,3,0.42857142857142855,,0.7394957983193277,,,,,8.009999999999998,atomic_triple_shock,Min Load,,,
atomic_triple_shock-C05,Greedy Cost/atomic_triple_shock-C05,Greedy Cost,5,5,1.0,1.0,0.0,1.4,5,8.009999999999998,0.06138079697799891,0.4583333333333333,7,0,0,0.0,0,0.0,20.852686087252803,123.43724486889364,2.9789551553218288,7,6.944271428571428,0.0,4,2321,7,3,0.42857142857142855,,0.7394957983193277,,,,,8.009999999999998,atomic_triple_shock,Greedy Cost,,,
atomic_triple_shock-C05,Current-Pending Exact Planner/atomic_triple_shock-C05,Current-Pending Exact Planner,5,5,1.0,1.0,0.0,1.4,5,8.009999999999998,0.06138079697799891,0.4583333333333333,7,0,0,0.0,0,0.0,20.852686087252803,123.43724486889364,2.9789551553218288,7,7.265657142857142,0.0,4,2321,7,3,0.42857142857142855,,0.7394957983193277,,,,,8.009999999999998,atomic_triple_shock,Current-Pending Exact Planner,,,
resource_collapse-C00,PPO-MLP seed=1101/resource_collapse-C00,PPO-MLP seed=1101,5,5,1.0,1.0,0.0,2.8199999999999994,5,11.014,0.19588413878674898,0.2,11,0,0,0.0,0,0.0,17.609834957055046,21.789420693933742,1.6008940870050041,11,1.3655272727272725,620.0,5,2755,11,6,0.5454545454545454,0.938515386798165,0.8716577540106951,,,11.92158845209756,169.6649477675074,11.014,resource_collapse,PPO-MLP,1101,results/random_event/minimum_validation_50k_2afa8ec/preliminary/runs/PPO-MLP/seed_1101/models/ppo_mlp_seed1101_step50000.pt,cc0d3d77d0d93ef7ae910b84795405d0bb50811317eb5f310c031d709d30b4e5
resource_collapse-C00,GPPO-Adaptive seed=1101/resource_collapse-C00,GPPO-Adaptive seed=1101,5,5,1.0,1.0,0.0,3.4199999999999995,5,21.040000000000003,0.1431218433538229,0.2,14,0,0,0.0,0,0.0,22.864834957055038,28.785609216769117,1.6332024969325027,14,11.042285714285711,620.0,5,2755,14,9,0.6428571428571429,0.9881608401026044,0.8445378151260504,0.5290071742520446,0.016348295789142955,14.303156941288934,233.60368637712116,21.040000000000003,resource_collapse,GPPO-Adaptive,1101,results/random_event/minimum_validation_50k_2afa8ec/preliminary/runs/GPPO-Adaptive/seed_1101/models/gppo_adaptive_seed1101_step50000.pt,2f378fc0d7bf6c23dc97402a9f8d0c1e20a5aa7f4a698e32a7ede0d494980b88
resource_collapse-C00,PPO-MLP seed=2202/resource_collapse-C00,PPO-MLP seed=2202,5,5,1.0,1.0,0.0,2.8199999999999994,5,11.014,0.19588413878674898,0.2,11,0,0,0.0,0,0.0,17.609834957055046,21.789420693933742,1.6008940870050041,11,1.4152272727272728,620.0,5,2755,11,6,0.5454545454545454,0.9430359168486162,0.8716577540106951,,,12.717898790204583,185.9142877777234,11.014,resource_collapse,PPO-MLP,2202,results/random_event/minimum_validation_50k_2afa8ec/preliminary/runs/PPO-MLP/seed_2202/models/ppo_mlp_seed2202_step50000.pt,c88d41a7f2ca7b0173303035d441bb1e3a0bdb09cf4776f9fa43dac1d64d4cf0
resource_collapse-C00,GPPO-Adaptive seed=2202/resource_collapse-C00,GPPO-Adaptive seed=2202,5,5,1.0,1.0,0.0,2.62,5,18.03,0.0951269139286784,0.2,10,0,0,0.0,0,0.0,22.864834957055038,45.580634569643394,2.286483495705504,10,9.85833,620.0,5,2755,10,5,0.5,0.9356277704238891,0.8235294117647058,0.5205053796370824,0.024938316173615627,16.72417177137718,296.8088333891449,18.03,resource_collapse,GPPO-Adaptive,2202,results/random_event/minimum_validation_50k_2afa8ec/preliminary/runs/GPPO-Adaptive/seed_2202/models/gppo_adaptive_seed2202_step50000.pt,3350ddee817e440d673517141a3c5d42bcaaf8419c90730933e91e8514f3a33f
resource_collapse-C00,PPO-MLP seed=3303/resource_collapse-C00,PPO-MLP seed=3303,5,5,1.0,1.0,0.0,2.8199999999999994,5,11.014,0.19588413878674898,0.2,11,0,0,0.0,0,0.0,17.609834957055046,21.789420693933742,1.6008940870050041,11,1.2486363636363635,620.0,5,2755,11,6,0.5454545454545454,0.9387084733356129,0.8716577540106951,,,13.548139820117354,211.69250968279522,11.014,resource_collapse,PPO-MLP,3303,results/random_event/minimum_validation_50k_2afa8ec/preliminary/runs/PPO-MLP/seed_3303/models/ppo_mlp_seed3303_step50000.pt,5fe8988e4980eccdff55ccc5d3cbb099ffd2dafa0ff1798b0ef41994113216e3
resource_collapse-C00,GPPO-Adaptive seed=3303/resource_collapse-C00,GPPO-Adaptive seed=3303,5,5,1.0,1.0,0.0,2.22,5,10.011999999999999,0.2268824153601769,0.2,8,0,0,0.0,0,0.0,17.609834957055046,34.71441207680088,2.2012293696318808,8,10.410875,620.0,5,2755,8,3,0.375,0.9741892963647842,0.8529411764705881,0.5020756569380561,0.01001608266255075,14.590102018527503,236.26386485912423,10.011999999999999,resource_collapse,GPPO-Adaptive,3303,results/random_event/minimum_validation_50k_2afa8ec/preliminary/runs/GPPO-Adaptive/seed_3303/models/gppo_adaptive_seed3303_step50000.pt,595253bce8e56358e077b57e3ae9d56c7babaeb6e5a3539be3663c8bf7b0a3c0
resource_collapse-C00,Nearest Legal/resource_collapse-C00,Nearest Legal,5,5,1.0,1.0,0.0,2.8199999999999994,5,11.014,0.19588413878674898,0.2,11,0,0,0.0,0,0.0,17.609834957055046,21.789420693933742,1.6008940870050041,11,0.06195454545454546,620.0,5,2755,11,6,0.5454545454545454,,0.8716577540106951,,,,,11.014,resource_collapse,Nearest Legal,,,
resource_collapse-C00,Min Load/resource_collapse-C00,Min Load,5,5,1.0,1.0,0.0,2.8199999999999994,5,11.014,0.19588413878674898,0.2,11,0,0,0.0,0,0.0,17.609834957055046,21.789420693933742,1.6008940870050041,11,0.06806363636363637,620.0,5,2755,11,6,0.5454545454545454,,0.8716577540106951,,,,,11.014,resource_collapse,Min Load,,,
resource_collapse-C00,Greedy Cost/resource_collapse-C00,Greedy Cost,5,5,1.0,1.0,0.0,2.8199999999999994,5,11.014,0.19588413878674898,0.2,11,0,0,0.0,0,0.0,17.609834957055046,21.789420693933742,1.6008940870050041,11,3.0026545454545452,620.0,5,2755,11,6,0.5454545454545454,,0.8716577540106951,,,,,11.014,resource_collapse,Greedy Cost,,,
resource_collapse-C00,Current-Pending Exact Planner/resource_collapse-C00,Current-Pending Exact Planner,5,5,1.0,1.0,0.0,2.8199999999999994,5,11.014,0.19588413878674898,0.2,11,0,0,0.0,0,0.0,17.609834957055046,21.789420693933742,1.6008940870050041,11,2.0349363636363633,620.0,5,2755,11,6,0.5454545454545454,,0.8716577540106951,,,,,11.014,resource_collapse,Current-Pending Exact Planner,,,
resource_collapse-C01,PPO-MLP seed=1101/resource_collapse-C01,PPO-MLP seed=1101,5,5,1.0,1.0,0.0,2.62,5,12.02,0.1890383996365621,0.2,10,0,0,0.0,0,0.0,18.114834957055045,26.025191998182812,1.8114834957055046,10,1.49314,620.0,5,2761,10,5,0.5,0.9310026705265045,0.8588235294117647,,,14.918395200754215,238.8012617402826,12.02,resource_collapse,PPO-MLP,1101,results/random_event/minimum_validation_50k_2afa8ec/preliminary/runs/PPO-MLP/seed_1101/models/ppo_mlp_seed1101_step50000.pt,cc0d3d77d0d93ef7ae910b84795405d0bb50811317eb5f310c031d709d30b4e5
resource_collapse-C01,GPPO-Adaptive seed=1101/resource_collapse-C01,GPPO-Adaptive seed=1101,5,5,1.0,1.0,0.0,2.62,5,12.02,0.2337859747330618,0.2,10,0,0,0.0,0,0.0,18.114834957055045,26.248929873665304,1.8114834957055046,10,14.746710000000002,620.0,5,2761,10,5,0.5,0.9999515533447265,0.8588235294117647,0.5251907107730707,0.011889810127470956,14.802823167816715,234.9640025394077,12.02,resource_collapse,GPPO-Adaptive,1101,results/random_event/minimum_validation_50k_2afa8ec/preliminary/runs/GPPO-Adaptive/seed_1101/models/gppo_adaptive_seed1101_step50000.pt,2f378fc0d7bf6c23dc97402a9f8d0c1e20a5aa7f4a698e32a7ede0d494980b88
resource_collapse-C01,PPO-MLP seed=2202/resource_collapse-C01,PPO-MLP seed=2202,5,5,1.0,1.0,0.0,2.62,5,12.02,0.1890383996365621,0.2,10,0,0,0.0,0,0.0,18.114834957055045,26.025191998182812,1.8114834957055046,10,1.5608,620.0,5,2761,10,5,0.5,0.936094069480896,0.8588235294117647,,,15.615577283884098,257.40807293150084,12.02,resource_collapse,PPO-MLP,2202,results/random_event/minimum_validation_50k_2afa8ec/preliminary/runs/PPO-MLP/seed_2202/models/ppo_mlp_seed2202_step50000.pt,c88d41a7f2ca7b0173303035d441bb1e3a0bdb09cf4776f9fa43dac1d64d4cf0
resource_collapse-C01,GPPO-Adaptive seed=2202/resource_collapse-C01,GPPO-Adaptive seed=2202,5,5,1.0,1.0,0.0,2.62,5,12.02,0.24110830520339813,0.2,10,0,0,0.0,0,0.0,18.078223304703364,26.285541526016985,1.8078223304703365,10,13.368549999999999,620.0,5,2761,10,5,0.5,0.9999890089035034,0.8588235294117647,0.5161638148128987,0.017507476091836706,15.870621696485719,264.5005844486967,12.02,resource_collapse,GPPO-Adaptive,2202,results/random_event/minimum_validation_50k_2afa8ec/preliminary/runs/GPPO-Adaptive/seed_2202/models/gppo_adaptive_seed2202_step50000.pt,3350ddee817e440d673517141a3c5d42bcaaf8419c90730933e91e8514f3a33f
resource_collapse-C01,PPO-MLP seed=3303/resource_collapse-C01,PPO-MLP seed=3303,5,5,1.0,1.0,0.0,2.62,5,12.02,0.1890383996365621,0.2,10,0,0,0.0,0,0.0,18.114834957055045,26.025191998182812,1.8114834957055046,10,1.8966299999999996,620.0,5,2761,10,5,0.5,0.9304789066314697,0.8588235294117647,,,15.910840955759099,263.2513091324022,12.02,resource_collapse,PPO-MLP,3303,results/random_event/minimum_validation_50k_2afa8ec/preliminary/runs/PPO-MLP/seed_3303/models/ppo_mlp_seed3303_step50000.pt,5fe8988e4980eccdff55ccc5d3cbb099ffd2dafa0ff1798b0ef41994113216e3
resource_collapse-C01,GPPO-Adaptive seed=3303/resource_collapse-C01,GPPO-Adaptive seed=3303,5,5,1.0,1.0,0.0,2.62,5,12.02,0.2337859747330618,0.2,10,0,0,0.0,0,0.0,18.114834957055045,26.248929873665304,1.8114834957055046,10,13.12228,620.0,5,2761,10,5,0.5,0.9803087592124939,0.8588235294117647,0.48783582324783004,0.010733426630375876,13.754171186462955,209.8352617116024,12.02,resource_collapse,GPPO-Adaptive,3303,results/random_event/minimum_validation_50k_2afa8ec/preliminary/runs/GPPO-Adaptive/seed_3303/models/gppo_adaptive_seed3303_step50000.pt,595253bce8e56358e077b57e3ae9d56c7babaeb6e5a3539be3663c8bf7b0a3c0
resource_collapse-C01,Nearest Legal/resource_collapse-C01,Nearest Legal,5,5,1.0,1.0,0.0,2.62,5,12.02,0.1890383996365621,0.2,10,0,0,0.0,0,0.0,18.114834957055045,26.025191998182812,1.8114834957055046,10,0.067,620.0,5,2761,10,5,0.5,,0.8588235294117647,,,,,12.02,resource_collapse,Nearest Legal,,,
resource_collapse-C01,Min Load/resource_collapse-C01,Min Load,5,5,1.0,1.0,0.0,2.62,5,12.02,0.1890383996365621,0.2,10,0,0,0.0,0,0.0,18.114834957055045,26.025191998182812,1.8114834957055046,10,0.07477999999999999,620.0,5,2761,10,5,0.5,,0.8588235294117647,,,,,12.02,resource_collapse,Min Load,,,
resource_collapse-C01,Greedy Cost/resource_collapse-C01,Greedy Cost,5,5,1.0,1.0,0.0,2.22,5,10.011999999999997,0.17725328661678633,0.2,8,0,0,0.0,0,0.0,18.114834957055045,34.46626643308393,2.2643543696318806,8,3.3851375,620.0,5,2761,8,3,0.375,,0.8529411764705881,,,,,10.011999999999997,resource_collapse,Greedy Cost,,,
resource_collapse-C01,Current-Pending Exact Planner/resource_collapse-C01,Current-Pending Exact Planner,5,5,1.0,1.0,0.0,3.2199999999999998,5,12.024000000000001,0.22116331951838325,0.2,13,0,0,0.0,0,0.0,18.11483495705504,13.405816597591915,1.3934488428503877,13,2.0287153846153845,620.0,5,2761,13,8,0.6153846153846154,,0.8778280542986424,,,,,12.024000000000001,resource_collapse,Current-Pending Exact Planner,,,
resource_collapse-C02,PPO-MLP seed=1101/resource_collapse-C02,PPO-MLP seed=1101,5,5,1.0,1.0,0.0,2.0200000000000005,5,4.004,0.21945436482630054,0.2,7,0,0,0.0,0,0.0,13.03661165235168,18.9072718241315,1.8623730931930973,7,1.292757142857143,620.0,5,2754,7,2,0.2857142857142857,0.9556841935430255,0.8907563025210086,,,12.845864095241264,181.8530132214018,4.004,resource_collapse,PPO-MLP,1101,results/random_event/minimum_validation_50k_2afa8ec/preliminary/runs/PPO-MLP/seed_1101/models/ppo_mlp_seed1101_step50000.pt,cc0d3d77d0d93ef7ae910b84795405d0bb50811317eb5f310c031d709d30b4e5
resource_collapse-C02,GPPO-Adaptive seed=1101/resource_collapse-C02,GPPO-Adaptive seed=1101,5,5,1.0,1.0,0.0,2.0200000000000005,5,4.004,0.21945436482630054,0.2,7,0,0,0.0,0,0.0,13.03661165235168,18.9072718241315,1.8623730931930973,7,9.506571428571428,620.0,5,2754,7,2,0.2857142857142857,0.9999821952411106,0.8907563025210086,0.49324642334665564,0.013675187706224763,12.738180368521816,174.4707842259299,4.004,resource_collapse,GPPO-Adaptive,1101,results/random_event/minimum_validation_50k_2afa8ec/preliminary/runs/GPPO-Adaptive/seed_1101/models/gppo_adaptive_seed1101_step50000.pt,2f378fc0d7bf6c23dc97402a9f8d0c1e20a5aa7f4a698e32a7ede0d494980b88
resource_collapse-C02,PPO-MLP seed=2202/resource_collapse-C02,PPO-MLP seed=2202,5,5,1.0,1.0,0.0,2.0200000000000005,5,4.004,0.21945436482630054,0.2,7,0,0,0.0,0,0.0,13.03661165235168,18.9072718241315,1.8623730931930973,7,1.4698428571428572,620.0,5,2754,7,2,0.2857142857142857,0.960539059979575,0.8907563025210086,,,12.061311657322737,163.11089250805884,4.004,resource_collapse,PPO-MLP,2202,results/random_event/minimum_validation_50k_2afa8ec/preliminary/runs/PPO-MLP/seed_2202/models/ppo_mlp_seed2202_step50000.pt,c88d41a7f2ca7b0173303035d441bb1e3a0bdb09cf4776f9fa43dac1d64d4cf0
resource_collapse-C02,GPPO-Adaptive seed=2202/resource_collapse-C02,GPPO-Adaptive seed=2202,5,5,1.0,1.0,0.0,2.0200000000000005,5,4.004,0.21945436482630054,0.2,7,0,0,0.0,0,0.0,13.03661165235168,18.9072718241315,1.8623730931930973,7,14.910642857142859,620.0,5,2754,7,2,0.2857142857142857,0.9999964577811105,0.8907563025210086,0.4832560271024704,0.015318041293961387,12.057148187735683,161.76300778161362,4.004,resource_collapse,GPPO-Adaptive,2202,results/random_event/minimum_validation_50k_2afa8ec/preliminary/runs/GPPO-Adaptive/seed_2202/models/gppo_adaptive_seed2202_step50000.pt,3350ddee817e440d673517141a3c5d42bcaaf8419c90730933e91e8514f3a33f
resource_collapse-C02,PPO-MLP seed=3303/resource_collapse-C02,PPO-MLP seed=3303,5,5,1.0,1.0,0.0,2.0200000000000005,5,4.004,0.21945436482630054,0.2,7,0,0,0.0,0,0.0,13.03661165235168,18.9072718241315,1.8623730931930973,7,1.6543142857142858,620.0,5,2754,7,2,0.2857142857142857,0.9564598032406398,0.8907563025210086,,,14.241480081656581,221.4696067316095,4.004,resource_collapse,PPO-MLP,3303,results/random_event/minimum_validation_50k_2afa8ec/preliminary/runs/PPO-MLP/seed_3303/models/ppo_mlp_seed3303_step50000.pt,5fe8988e4980eccdff55ccc5d3cbb099ffd2dafa0ff1798b0ef41994113216e3
resource_collapse-C02,GPPO-Adaptive seed=3303/resource_collapse-C02,GPPO-Adaptive seed=3303,5,5,1.0,1.0,0.0,2.0200000000000005,5,4.004,0.21945436482630054,0.2,7,0,0,0.0,0,0.0,13.03661165235168,18.9072718241315,1.8623730931930973,7,15.011285714285716,620.0,5,2754,7,2,0.2857142857142857,0.9888375316347394,0.8907563025210086,0.46615265025979,0.013445737829534362,11.674188821890956,152.6076338286626,4.004,resource_collapse,GPPO-Adaptive,3303,results/random_event/minimum_validation_50k_2afa8ec/preliminary/runs/GPPO-Adaptive/seed_3303/models/gppo_adaptive_seed3303_step50000.pt,595253bce8e56358e077b57e3ae9d56c7babaeb6e5a3539be3663c8bf7b0a3c0
resource_collapse-C02,Nearest Legal/resource_collapse-C02,Nearest Legal,5,5,1.0,1.0,0.0,2.0200000000000005,5,4.004,0.21945436482630054,0.2,7,0,0,0.0,0,0.0,13.03661165235168,18.9072718241315,1.8623730931930973,7,0.07951428571428572,620.0,5,2754,7,2,0.2857142857142857,,0.8907563025210086,,,,,4.004,resource_collapse,Nearest Legal,,,
resource_collapse-C02,Min Load/resource_collapse-C02,Min Load,5,5,1.0,1.0,0.0,2.0200000000000005,5,4.004,0.21945436482630054,0.2,7,0,0,0.0,0,0.0,13.03661165235168,18.9072718241315,1.8623730931930973,7,0.06464285714285714,620.0,5,2754,7,2,0.2857142857142857,,0.8907563025210086,,,,,4.004,resource_collapse,Min Load,,,
resource_collapse-C02,Greedy Cost/resource_collapse-C02,Greedy Cost,5,5,1.0,1.0,0.0,2.0200000000000005,5,4.004,0.21945436482630054,0.2,7,0,0,0.0,0,0.0,13.03661165235168,18.9072718241315,1.8623730931930973,7,2.7039571428571425,620.0,5,2754,7,2,0.2857142857142857,,0.8907563025210086,,,,,4.004,resource_collapse,Greedy Cost,,,
resource_collapse-C02,Current-Pending Exact Planner/resource_collapse-C02,Current-Pending Exact Planner,5,5,1.0,1.0,0.0,2.0200000000000005,5,4.004,0.21945436482630054,0.2,7,0,0,0.0,0,0.0,13.03661165235168,18.9072718241315,1.8623730931930973,7,2.199757142857143,620.0,5,2754,7,2,0.2857142857142857,,0.8907563025210086,,,,,4.004,resource_collapse,Current-Pending Exact Planner,,,
resource_collapse-C03,PPO-MLP seed=1101/resource_collapse-C03,PPO-MLP seed=1101,5,5,1.0,1.0,0.0,2.8199999999999994,5,11.013999999999998,0.19588413878674898,0.2,11,0,0,0.0,0,0.0,18.114834957055045,21.789420693933742,1.646803177914095,11,2.4936999999999996,620.0,5,2755,11,6,0.5454545454545454,0.9387633529576388,0.8716577540106951,,,14.383243330193705,227.96850640786124,11.013999999999998,resource_collapse,PPO-MLP,1101,results/random_event/minimum_validation_50k_2afa8ec/preliminary/runs/PPO-MLP/seed_1101/models/ppo_mlp_seed1101_step50000.pt,cc0d3d77d0d93ef7ae910b84795405d0bb50811317eb5f310c031d709d30b4e5
resource_collapse-C03,GPPO-Adaptive seed=1101/resource_collapse-C03,GPPO-Adaptive seed=1101,5,5,1.0,1.0,0.0,2.22,5,10.016,0.2268824153601769,0.2,8,0,0,0.0,0,0.0,18.114834957055045,34.72441207680089,2.2643543696318806,8,14.95335,620.0,5,2755,8,3,0.375,0.9999435693025589,0.8529411764705882,0.5413361707081397,0.010648973014830986,15.76981493871641,263.8801513906745,10.016,resource_collapse,GPPO-Adaptive,1101,results/random_event/minimum_validation_50k_2afa8ec/preliminary/runs/GPPO-Adaptive/seed_1101/models/gppo_adaptive_seed1101_step50000.pt,2f378fc0d7bf6c23dc97402a9f8d0c1e20a5aa7f4a698e32a7ede0d494980b88
resource_collapse-C03,PPO-MLP seed=2202/resource_collapse-C03,PPO-MLP seed=2202,5,5,1.0,1.0,0.0,2.8199999999999994,5,11.013999999999998,0.19588413878674898,0.2,11,0,0,0.0,0,0.0,18.114834957055045,21.789420693933742,1.646803177914095,11,3.4694454545454545,620.0,5,2755,11,6,0.5454545454545454,0.9434276981787248,0.8716577540106951,,,14.023407618801217,219.0166089075566,11.013999999999998,resource_collapse,PPO-MLP,2202,results/random_event/minimum_validation_50k_2afa8ec/preliminary/runs/PPO-MLP/seed_2202/models/ppo_mlp_seed2202_step50000.pt,c88d41a7f2ca7b0173303035d441bb1e3a0bdb09cf4776f9fa43dac1d64d4cf0
resource_collapse-C03,GPPO-Adaptive seed=2202/resource_collapse-C03,GPPO-Adaptive seed=2202,5,5,1.0,1.0,0.0,2.22,5,10.016,0.2268824153601769,0.2,8,0,0,0.0,0,0.0,18.114834957055045,34.72441207680089,2.2643543696318806,8,16.455937499999997,620.0,5,2755,8,3,0.375,0.9999803528189659,0.8529411764705882,0.5136813993255297,0.015856701921209804,15.394927949122904,257.60663089218525,10.016,resource_collapse,GPPO-Adaptive,2202,results/random_event/minimum_validation_50k_2afa8ec/preliminary/runs/GPPO-Adaptive/seed_2202/models/gppo_adaptive_seed2202_step50000.pt,3350ddee817e440d673517141a3c5d42bcaaf8419c90730933e91e8514f3a33f
resource_collapse-C03,PPO-MLP seed=3303/resource_collapse-C03,PPO-MLP seed=3303,5,5,1.0,1.0,0.0,2.8199999999999994,5,11.013999999999998,0.19588413878674898,0.2,11,0,0,0.0,0,0.0,18.114834957055045,21.789420693933742,1.646803177914095,11,2.0168090909090908,620.0,5,2755,11,6,0.5454545454545454,0.9382757273587313,0.8716577540106951,,,14.471866723859366,228.71525966946362,11.013999999999998,resource_collapse,PPO-MLP,3303,results/random_event/minimum_validation_50k_2afa8ec/preliminary/runs/PPO-MLP/seed_3303/models/ppo_mlp_seed3303_step50000.pt,5fe8988e4980eccdff55ccc5d3cbb099ffd2dafa0ff1798b0ef41994113216e3
resource_collapse-C03,GPPO-Adaptive seed=3303/resource_collapse-C03,GPPO-Adaptive seed=3303,5,5,1.0,1.0,0.0,2.22,5,10.018,0.2268824153601769,0.2,8,0,0,0.0,0,0.0,18.114834957055045,34.729412076800884,2.2643543696318806,8,16.0283125,620.0,5,2755,8,3,0.375,0.9728404954075813,0.8529411764705882,0.5131848650053144,0.009737088915270191,15.447930888347146,258.76512321060653,10.018,resource_collapse,GPPO-Adaptive,3303,results/random_event/minimum_validation_50k_2afa8ec/preliminary/runs/GPPO-Adaptive/seed_3303/models/gppo_adaptive_seed3303_step50000.pt,595253bce8e56358e077b57e3ae9d56c7babaeb6e5a3539be3663c8bf7b0a3c0
resource_collapse-C03,Nearest Legal/resource_collapse-C03,Nearest Legal,5,5,1.0,1.0,0.0,2.8199999999999994,5,11.013999999999998,0.19588413878674898,0.2,11,0,0,0.0,0,0.0,18.114834957055045,21.789420693933742,1.646803177914095,11,0.17428181818181818,620.0,5,2755,11,6,0.5454545454545454,,0.8716577540106951,,,,,11.013999999999998,resource_collapse,Nearest Legal,,,
resource_collapse-C03,Min Load/resource_collapse-C03,Min Load,5,5,1.0,1.0,0.0,2.8199999999999994,5,11.013999999999998,0.19588413878674898,0.2,11,0,0,0.0,0,0.0,18.114834957055045,21.789420693933742,1.646803177914095,11,0.10958181818181818,620.0,5,2755,11,6,0.5454545454545454,,0.8716577540106951,,,,,11.013999999999998,resource_collapse,Min Load,,,
resource_collapse-C03,Greedy Cost/resource_collapse-C03,Greedy Cost,5,5,1.0,1.0,0.0,2.8199999999999994,5,11.013999999999998,0.19588413878674898,0.2,11,0,0,0.0,0,0.0,18.114834957055045,21.789420693933742,1.646803177914095,11,5.8108,620.0,5,2755,11,6,0.5454545454545454,,0.8716577540106951,,,,,11.013999999999998,resource_collapse,Greedy Cost,,,
resource_collapse-C03,Current-Pending Exact Planner/resource_collapse-C03,Current-Pending Exact Planner,5,5,1.0,1.0,0.0,2.8199999999999994,5,11.013999999999998,0.19588413878674898,0.2,11,0,0,0.0,0,0.0,18.114834957055045,21.789420693933742,1.646803177914095,11,2.897127272727273,620.0,5,2755,11,6,0.5454545454545454,,0.8716577540106951,,,,,11.013999999999998,resource_collapse,Current-Pending Exact Planner,,,
resource_collapse-C04,PPO-MLP seed=1101/resource_collapse-C04,PPO-MLP seed=1101,5,5,1.0,1.0,0.0,1.8200000000000003,5,4.004,0.21284692133618846,0.2,6,0,0,0.0,0,0.0,13.03661165235168,23.12923460668094,2.17276860872528,6,2.2338333333333336,620.0,5,2761,6,1,0.16666666666666666,0.9501620431741079,0.8823529411764707,,,12.904582395564882,179.577379414568,4.004,resource_collapse,PPO-MLP,1101,results/random_event/minimum_validation_50k_2afa8ec/preliminary/runs/PPO-MLP/seed_1101/models/ppo_mlp_seed1101_step50000.pt,cc0d3d77d0d93ef7ae910b84795405d0bb50811317eb5f310c031d709d30b4e5
resource_collapse-C04,GPPO-Adaptive seed=1101/resource_collapse-C04,GPPO-Adaptive seed=1101,5,5,1.0,1.0,0.0,3.0200000000000005,5,12.02,0.23838834764831845,0.2,12,0,0,0.0,0,0.0,18.114834957055045,17.75194173824159,1.5095695797545872,12,16.728908333333333,620.0,5,2761,12,7,0.5833333333333334,0.9999594390392303,0.8725490196078431,0.5098403785377741,0.013609471892332081,13.337318267308133,201.82293896534156,12.02,resource_collapse,GPPO-Adaptive,1101,results/random_event/minimum_validation_50k_2afa8ec/preliminary/runs/GPPO-Adaptive/seed_1101/models/gppo_adaptive_seed1101_step50000.pt,2f378fc0d7bf6c23dc97402a9f8d0c1e20a5aa7f4a698e32a7ede0d494980b88
resource_collapse-C04,PPO-MLP seed=2202/resource_collapse-C04,PPO-MLP seed=2202,5,5,1.0,1.0,0.0,1.8200000000000003,5,4.004,0.21284692133618846,0.2,6,0,0,0.0,0,0.0,13.03661165235168,23.12923460668094,2.17276860872528,6,1.7440333333333333,620.0,5,2761,6,1,0.16666666666666666,0.9554221133391062,0.8823529411764707,,,14.203830931992698,214.95441617942393,4.004,resource_collapse,PPO-MLP,2202,results/random_event/minimum_validation_50k_2afa8ec/preliminary/runs/PPO-MLP/seed_2202/models/ppo_mlp_seed2202_step50000.pt,c88d41a7f2ca7b0173303035d441bb1e3a0bdb09cf4776f9fa43dac1d64d4cf0
resource_collapse-C04,GPPO-Adaptive seed=2202/resource_collapse-C04,GPPO-Adaptive seed=2202,5,5,1.0,1.0,0.0,3.0200000000000005,5,12.02,0.24571067811865474,0.2,12,0,0,0.0,0,0.0,18.078223304703364,17.788553390593272,1.5065186087252804,12,13.636733333333334,620.0,5,2761,12,7,0.5833333333333334,0.9999908407529196,0.8725490196078431,0.507361149829295,0.01677399249120971,14.508710477630855,230.29665007704025,12.02,resource_collapse,GPPO-Adaptive,2202,results/random_event/minimum_validation_50k_2afa8ec/preliminary/runs/GPPO-Adaptive/seed_2202/models/gppo_adaptive_seed2202_step50000.pt,3350ddee817e440d673517141a3c5d42bcaaf8419c90730933e91e8514f3a33f
resource_collapse-C04,PPO-MLP seed=3303/resource_collapse-C04,PPO-MLP seed=3303,5,5,1.0,1.0,0.0,1.8200000000000003,5,4.004,0.21284692133618846,0.2,6,0,0,0.0,0,0.0,13.03661165235168,23.12923460668094,2.17276860872528,6,3.0856999999999997,620.0,5,2761,6,1,0.16666666666666666,0.9510319034258524,0.8823529411764707,,,15.129457209916282,240.52897308668298,4.004,resource_collapse,PPO-MLP,3303,results/random_event/minimum_validation_50k_2afa8ec/preliminary/runs/PPO-MLP/seed_3303/models/ppo_mlp_seed3303_step50000.pt,5fe8988e4980eccdff55ccc5d3cbb099ffd2dafa0ff1798b0ef41994113216e3
resource_collapse-C04,GPPO-Adaptive seed=3303/resource_collapse-C04,GPPO-Adaptive seed=3303,5,5,1.0,1.0,0.0,1.8200000000000003,5,4.004,0.21284692133618846,0.2,6,0,0,0.0,0,0.0,13.03661165235168,23.12923460668094,2.17276860872528,6,18.196749999999998,620.0,5,2761,6,1,0.16666666666666666,0.9883945981661478,0.8823529411764707,0.46329049310750436,0.013464820169247571,11.475243781418968,146.98529793912618,4.004,resource_collapse,GPPO-Adaptive,3303,results/random_event/minimum_validation_50k_2afa8ec/preliminary/runs/GPPO-Adaptive/seed_3303/models/gppo_adaptive_seed3303_step50000.pt,595253bce8e56358e077b57e3ae9d56c7babaeb6e5a3539be3663c8bf7b0a3c0
resource_collapse-C04,Nearest Legal/resource_collapse-C04,Nearest Legal,5,5,1.0,1.0,0.0,1.8200000000000003,5,4.004,0.21284692133618846,0.2,6,0,0,0.0,0,0.0,13.03661165235168,23.12923460668094,2.17276860872528,6,0.06171666666666666,620.0,5,2761,6,1,0.16666666666666666,,0.8823529411764707,,,,,4.004,resource_collapse,Nearest Legal,,,
resource_collapse-C04,Min Load/resource_collapse-C04,Min Load,5,5,1.0,1.0,0.0,1.8200000000000003,5,4.004,0.21284692133618846,0.2,6,0,0,0.0,0,0.0,13.03661165235168,23.12923460668094,2.17276860872528,6,0.10011666666666667,620.0,5,2761,6,1,0.16666666666666666,,0.8823529411764707,,,,,4.004,resource_collapse,Min Load,,,
resource_collapse-C04,Greedy Cost/resource_collapse-C04,Greedy Cost,5,5,1.0,1.0,0.0,1.8200000000000003,5,4.004,0.21284692133618846,0.2,6,0,0,0.0,0,0.0,13.03661165235168,23.12923460668094,2.17276860872528,6,2.6323166666666666,620.0,5,2761,6,1,0.16666666666666666,,0.8823529411764707,,,,,4.004,resource_collapse,Greedy Cost,,,
resource_collapse-C04,Current-Pending Exact Planner/resource_collapse-C04,Current-Pending Exact Planner,5,5,1.0,1.0,0.0,1.8200000000000003,5,4.004,0.21284692133618846,0.2,6,0,0,0.0,0,0.0,13.03661165235168,23.12923460668094,2.17276860872528,6,1.8583999999999998,620.0,5,2761,6,1,0.16666666666666666,,0.8823529411764707,,,,,4.004,resource_collapse,Current-Pending Exact Planner,,,
resource_collapse-C05,PPO-MLP seed=1101/resource_collapse-C05,PPO-MLP seed=1101,5,5,1.0,1.0,0.0,2.8200000000000003,5,12.02,0.19540754746659947,0.2,11,0,0,0.0,0,0.0,18.114834957055045,21.797037737333,1.646803177914095,11,2.071309090909091,620.0,5,2753,11,6,0.5454545454545454,0.9362754875963385,0.8663101604278075,,,15.115595467906553,242.41028025459616,12.02,resource_collapse,PPO-MLP,1101,results/random_event/minimum_validation_50k_2afa8ec/preliminary/runs/PPO-MLP/seed_1101/models/ppo_mlp_seed1101_step50000.pt,cc0d3d77d0d93ef7ae910b84795405d0bb50811317eb5f310c031d709d30b4e5
resource_collapse-C05,GPPO-Adaptive seed=1101/resource_collapse-C05,GPPO-Adaptive seed=1101,5,5,1.0,1.0,0.0,2.22,5,10.016,0.2268824153601769,0.2,8,0,0,0.0,0,0.0,18.114834957055045,34.72441207680089,2.2643543696318806,8,13.313975,620.0,5,2753,8,3,0.375,0.9999454244971275,0.8529411764705882,0.5404100340480607,0.010833830411180263,15.75594374578428,263.35850800588753,10.016,resource_collapse,GPPO-Adaptive,1101,results/random_event/minimum_validation_50k_2afa8ec/preliminary/runs/GPPO-Adaptive/seed_1101/models/gppo_adaptive_seed1101_step50000.pt,2f378fc0d7bf6c23dc97402a9f8d0c1e20a5aa7f4a698e32a7ede0d494980b88
resource_collapse-C05,PPO-MLP seed=2202/resource_collapse-C05,PPO-MLP seed=2202,5,5,1.0,1.0,0.0,2.8200000000000003,5,12.02,0.19540754746659947,0.2,11,0,0,0.0,0,0.0,18.114834957055045,21.797037737333,1.646803177914095,11,1.0629454545454544,620.0,5,2753,11,6,0.5454545454545454,0.9409416263753717,0.8663101604278075,,,13.273431861783063,204.48489477567736,12.02,resource_collapse,PPO-MLP,2202,results/random_event/minimum_validation_50k_2afa8ec/preliminary/runs/PPO-MLP/seed_2202/models/ppo_mlp_seed2202_step50000.pt,c88d41a7f2ca7b0173303035d441bb1e3a0bdb09cf4776f9fa43dac1d64d4cf0
resource_collapse-C05,GPPO-Adaptive seed=2202/resource_collapse-C05,GPPO-Adaptive seed=2202,5,5,1.0,1.0,0.0,2.22,5,10.016,0.23420474583051326,0.2,8,0,0,0.0,0,0.0,18.078223304703364,34.76102372915257,2.2597779130879205,8,13.077174999999999,620.0,5,2753,8,3,0.375,0.9999851956963539,0.8529411764705882,0.5104438392445445,0.019033370318756244,15.384813410450493,259.6576600266734,10.016,resource_collapse,GPPO-Adaptive,2202,results/random_event/minimum_validation_50k_2afa8ec/preliminary/runs/GPPO-Adaptive/seed_2202/models/gppo_adaptive_seed2202_step50000.pt,3350ddee817e440d673517141a3c5d42bcaaf8419c90730933e91e8514f3a33f
resource_collapse-C05,PPO-MLP seed=3303/resource_collapse-C05,PPO-MLP seed=3303,5,5,1.0,1.0,0.0,2.8200000000000003,5,12.02,0.19540754746659947,0.2,11,0,0,0.0,0,0.0,18.114834957055045,21.797037737333,1.646803177914095,11,1.7996545454545454,620.0,5,2753,11,6,0.5454545454545454,0.9358351068063215,0.8663101604278075,,,15.092451699596007,243.6056860847394,12.02,resource_collapse,PPO-MLP,3303,results/random_event/minimum_validation_50k_2afa8ec/preliminary/runs/PPO-MLP/seed_3303/models/ppo_mlp_seed3303_step50000.pt,5fe8988e4980eccdff55ccc5d3cbb099ffd2dafa0ff1798b0ef41994113216e3
resource_collapse-C05,GPPO-Adaptive seed=3303/resource_collapse-C05,GPPO-Adaptive seed=3303,5,5,1.0,1.0,0.0,2.22,5,10.016,0.2268824153601769,0.2,8,0,0,0.0,0,0.0,18.114834957055045,34.72441207680089,2.2643543696318806,8,14.6966875,620.0,5,2753,8,3,0.375,0.9762955754995346,0.8529411764705882,0.5090941237285733,0.010211788255609868,14.981051773242472,247.77685828976013,10.016,resource_collapse,GPPO-Adaptive,3303,results/random_event/minimum_validation_50k_2afa8ec/preliminary/runs/GPPO-Adaptive/seed_3303/models/gppo_adaptive_seed3303_step50000.pt,595253bce8e56358e077b57e3ae9d56c7babaeb6e5a3539be3663c8bf7b0a3c0
resource_collapse-C05,Nearest Legal/resource_collapse-C05,Nearest Legal,5,5,1.0,1.0,0.0,2.8200000000000003,5,12.02,0.19540754746659947,0.2,11,0,0,0.0,0,0.0,18.114834957055045,21.797037737333,1.646803177914095,11,0.050763636363636365,620.0,5,2753,11,6,0.5454545454545454,,0.8663101604278075,,,,,12.02,resource_collapse,Nearest Legal,,,
resource_collapse-C05,Min Load/resource_collapse-C05,Min Load,5,5,1.0,1.0,0.0,2.8200000000000003,5,12.02,0.19540754746659947,0.2,11,0,0,0.0,0,0.0,18.114834957055045,21.797037737333,1.646803177914095,11,0.062381818181818184,620.0,5,2753,11,6,0.5454545454545454,,0.8663101604278075,,,,,12.02,resource_collapse,Min Load,,,
resource_collapse-C05,Greedy Cost/resource_collapse-C05,Greedy Cost,5,5,1.0,1.0,0.0,2.62,5,11.013999999999998,0.1895149909567116,0.2,10,0,0,0.0,0,0.0,18.114834957055045,26.017574954783555,1.8114834957055046,10,2.87341,620.0,5,2753,10,5,0.5,,0.8647058823529411,,,,,11.013999999999998,resource_collapse,Greedy Cost,,,
resource_collapse-C05,Current-Pending Exact Planner/resource_collapse-C05,Current-Pending Exact Planner,5,5,1.0,1.0,0.0,2.8200000000000003,5,12.024000000000001,0.21167939295623578,0.2,11,0,0,0.0,0,0.0,18.11483495705504,21.88839696478118,1.6468031779140946,11,1.5049454545454546,620.0,5,2753,11,6,0.5454545454545454,,0.8663101604278073,,,,,12.024000000000001,resource_collapse,Current-Pending Exact Planner,,,
tracking_saturation_release-C00,PPO-MLP seed=1101/tracking_saturation_release-C00,PPO-MLP seed=1101,5,5,1.0,1.0,0.0,8.8,5,143.063,0.05812012908433352,0.26785714285714285,14,0,3,0.6,0,0.0,33.09020713156065,137.23068578306254,0.7520501620809239,44,1.611777272727273,0.0,4,2589,44,40,0.9090909090909091,0.9440568428147923,0.9064171122994654,,,19.467749025612644,431.9492418893855,143.063,tracking_saturation_release,PPO-MLP,1101,results/random_event/minimum_validation_50k_2afa8ec/preliminary/runs/PPO-MLP/seed_1101/models/ppo_mlp_seed1101_step50000.pt,cc0d3d77d0d93ef7ae910b84795405d0bb50811317eb5f310c031d709d30b4e5
tracking_saturation_release-C00,GPPO-Adaptive seed=1101/tracking_saturation_release-C00,GPPO-Adaptive seed=1101,5,5,1.0,1.0,0.0,6.0,5,93.67099999999998,0.09585072655570151,0.25,10,0,2,0.4,0,0.0,34.713168290388374,124.25017960151945,1.1571056096796124,30,15.033133333333334,0.0,4,2589,30,26,0.8666666666666667,0.9819314281145731,0.9098039215686275,0.5339530149267779,0.024012915037352464,19.62226149707596,437.16729268303703,93.67099999999998,tracking_saturation_release,GPPO-Adaptive,1101,results/random_event/minimum_validation_50k_2afa8ec/preliminary/runs/GPPO-Adaptive/seed_1101/models/gppo_adaptive_seed1101_step50000.pt,2f378fc0d7bf6c23dc97402a9f8d0c1e20a5aa7f4a698e32a7ede0d494980b88
tracking_saturation_release-C00,PPO-MLP seed=2202/tracking_saturation_release-C00,PPO-MLP seed=2202,5,5,1.0,1.0,0.0,8.8,5,143.063,0.05812012908433352,0.26785714285714285,14,0,3,0.6,0,0.0,33.09020713156065,137.23068578306254,0.7520501620809239,44,2.787643181818182,0.0,4,2589,44,40,0.9090909090909091,0.9383361542766745,0.9064171122994654,,,19.551361164187416,432.84079977063533,143.063,tracking_saturation_release,PPO-MLP,2202,results/random_event/minimum_validation_50k_2afa8ec/preliminary/runs/PPO-MLP/seed_2202/models/ppo_mlp_seed2202_step50000.pt,c88d41a7f2ca7b0173303035d441bb1e3a0bdb09cf4776f9fa43dac1d64d4cf0
tracking_saturation_release-C00,GPPO-Adaptive seed=2202/tracking_saturation_release-C00,GPPO-Adaptive seed=2202,5,5,1.0,1.0,0.0,6.2,5,93.67499999999998,0.09990529577049208,0.25,11,0,2,0.4,0,0.0,34.713168290388374,119.9513978783786,1.1197796222705927,31,16.17228387096774,0.0,4,2589,31,27,0.8709677419354839,0.9772212370749442,0.9108159392789373,0.48149011672664715,0.03946087216229478,19.324195533877194,436.36575132967914,93.67499999999998,tracking_saturation_release,GPPO-Adaptive,2202,results/random_event/minimum_validation_50k_2afa8ec/preliminary/runs/GPPO-Adaptive/seed_2202/models/gppo_adaptive_seed2202_step50000.pt,3350ddee817e440d673517141a3c5d42bcaaf8419c90730933e91e8514f3a33f
tracking_saturation_release-C00,PPO-MLP seed=3303/tracking_saturation_release-C00,PPO-MLP seed=3303,5,5,1.0,1.0,0.0,8.8,5,143.063,0.05812012908433352,0.26785714285714285,14,0,3,0.6,0,0.0,33.09020713156065,137.23068578306254,0.7520501620809239,44,2.3596,0.0,4,2589,44,40,0.9090909090909091,0.9477531760931015,0.9064171122994654,,,19.391253985065877,424.9058970590899,143.063,tracking_saturation_release,PPO-MLP,3303,results/random_event/minimum_validation_50k_2afa8ec/preliminary/runs/PPO-MLP/seed_3303/models/ppo_mlp_seed3303_step50000.pt,5fe8988e4980eccdff55ccc5d3cbb099ffd2dafa0ff1798b0ef41994113216e3
tracking_saturation_release-C00,GPPO-Adaptive seed=3303/tracking_saturation_release-C00,GPPO-Adaptive seed=3303,5,5,1.0,1.0,0.0,6.2,5,95.698,0.10195266861431511,0.375,11,0,3,0.6,0,0.0,33.159242725289495,130.5295873697539,1.0696529911383708,31,15.450006451612905,0.0,4,2589,31,27,0.8709677419354839,0.9541798176303986,0.9051233396584442,0.4724441732690539,0.03153890223688572,19.136660827310756,428.53213487497675,95.698,tracking_saturation_release,GPPO-Adaptive,3303,results/random_event/minimum_validation_50k_2afa8ec/preliminary/runs/GPPO-Adaptive/seed_3303/models/gppo_adaptive_seed3303_step50000.pt,595253bce8e56358e077b57e3ae9d56c7babaeb6e5a3539be3663c8bf7b0a3c0
tracking_saturation_release-C00,Nearest Legal/tracking_saturation_release-C00,Nearest Legal,5,5,1.0,1.0,0.0,8.8,5,143.063,0.05812012908433352,0.26785714285714285,14,0,3,0.6,0,0.0,33.09020713156065,137.23068578306254,0.7520501620809239,44,0.05876363636363636,0.0,4,2589,44,40,0.9090909090909091,,0.9064171122994654,,,,,143.063,tracking_saturation_release,Nearest Legal,,,
tracking_saturation_release-C00,Min Load/tracking_saturation_release-C00,Min Load,5,5,1.0,1.0,0.0,8.8,5,143.063,0.05812012908433352,0.26785714285714285,14,0,3,0.6,0,0.0,33.09020713156065,137.23068578306254,0.7520501620809239,44,0.05292272727272727,0.0,4,2589,44,40,0.9090909090909091,,0.9064171122994654,,,,,143.063,tracking_saturation_release,Min Load,,,
tracking_saturation_release-C00,Greedy Cost/tracking_saturation_release-C00,Greedy Cost,5,5,1.0,1.0,0.0,8.6,5,143.05599999999998,0.05640713034378206,0.26785714285714285,13,0,3,0.6,0,0.0,33.52198382685729,141.53883378810033,0.7795810192292393,43,2.5006116279069768,0.0,4,2589,43,39,0.9069767441860465,,0.9056087551299591,,,,,143.05599999999998,tracking_saturation_release,Greedy Cost,,,
tracking_saturation_release-C00,Current-Pending Exact Planner/tracking_saturation_release-C00,Current-Pending Exact Planner,5,5,1.0,1.0,0.0,8.6,5,143.05599999999998,0.05640713034378206,0.26785714285714285,13,0,3,0.6,0,0.0,33.52198382685729,141.53883378810033,0.7795810192292393,43,1.378286046511628,0.0,4,2589,43,39,0.9069767441860465,,0.9056087551299591,,,,,143.05599999999998,tracking_saturation_release,Current-Pending Exact Planner,,,
tracking_saturation_release-C01,PPO-MLP seed=1101/tracking_saturation_release-C01,PPO-MLP seed=1101,5,5,1.0,1.0,0.0,6.2,5,93.67099999999998,0.0948784577888723,0.25,11,0,2,0.4,0,0.0,34.76198382685729,119.93129052645213,1.1213543169953963,31,2.418329032258064,0.0,4,2589,31,27,0.8709677419354839,0.9491615180046328,0.9108159392789373,,,18.394932572771296,400.65395294591247,93.67099999999998,tracking_saturation_release,PPO-MLP,1101,results/random_event/minimum_validation_50k_2afa8ec/preliminary/runs/PPO-MLP/seed_1101/models/ppo_mlp_seed1101_step50000.pt,cc0d3d77d0d93ef7ae910b84795405d0bb50811317eb5f310c031d709d30b4e5
tracking_saturation_release-C01,GPPO-Adaptive seed=1101/tracking_saturation_release-C01,GPPO-Adaptive seed=1101,5,5,1.0,1.0,0.0,6.0,5,93.66899999999998,0.09497902054732814,0.25,10,0,2,0.4,0,0.0,34.76198382685728,124.24669277748595,1.1587327942285761,30,13.471996666666666,0.0,4,2589,30,26,0.8666666666666667,0.9760358373324076,0.9098039215686275,0.5441307110918892,0.020855692431229873,19.62514330058954,437.28160375909766,93.66899999999998,tracking_saturation_release,GPPO-Adaptive,1101,results/random_event/minimum_validation_50k_2afa8ec/preliminary/runs/GPPO-Adaptive/seed_1101/models/gppo_adaptive_seed1101_step50000.pt,2f378fc0d7bf6c23dc97402a9f8d0c1e20a5aa7f4a698e32a7ede0d494980b88
tracking_saturation_release-C01,PPO-MLP seed=2202/tracking_saturation_release-C01,PPO-MLP seed=2202,5,5,1.0,1.0,0.0,6.2,5,93.67099999999998,0.0948784577888723,0.25,11,0,2,0.4,0,0.0,34.76198382685729,119.93129052645213,1.1213543169953963,31,1.853141935483871,0.0,4,2589,31,27,0.8709677419354839,0.9429750019504178,0.9108159392789373,,,18.344497198911277,400.49863093220677,93.67099999999998,tracking_saturation_release,PPO-MLP,2202,results/random_event/minimum_validation_50k_2afa8ec/preliminary/runs/PPO-MLP/seed_2202/models/ppo_mlp_seed2202_step50000.pt,c88d41a7f2ca7b0173303035d441bb1e3a0bdb09cf4776f9fa43dac1d64d4cf0
tracking_saturation_release-C01,GPPO-Adaptive seed=2202/tracking_saturation_release-C01,GPPO-Adaptive seed=2202,5,5,1.0,1.0,0.0,9.0,5,144.1,0.07900785193909737,0.265625,15,0,3,0.6,0,0.0,32.4753721745056,133.00530810305304,0.7216749372112355,45,11.848775555555555,0.0,4,2589,45,41,0.9111111111111111,0.9755425254503886,0.9058823529411765,0.4926332021339072,0.03952179095643494,20.26718793685549,465.33475420895985,144.1,tracking_saturation_release,GPPO-Adaptive,2202,results/random_event/minimum_validation_50k_2afa8ec/preliminary/runs/GPPO-Adaptive/seed_2202/models/gppo_adaptive_seed2202_step50000.pt,3350ddee817e440d673517141a3c5d42bcaaf8419c90730933e91e8514f3a33f
tracking_saturation_release-C01,PPO-MLP seed=3303/tracking_saturation_release-C01,PPO-MLP seed=3303,5,5,1.0,1.0,0.0,6.2,5,93.67099999999998,0.0948784577888723,0.25,11,0,2,0.4,0,0.0,34.76198382685729,119.93129052645213,1.1213543169953963,31,2.242232258064516,0.0,4,2589,31,27,0.8709677419354839,0.9515943642585508,0.9108159392789373,,,18.48868638746856,399.1893176333048,93.67099999999998,tracking_saturation_release,PPO-MLP,3303,results/random_event/minimum_validation_50k_2afa8ec/preliminary/runs/PPO-MLP/seed_3303/models/ppo_mlp_seed3303_step50000.pt,5fe8988e4980eccdff55ccc5d3cbb099ffd2dafa0ff1798b0ef41994113216e3
tracking_saturation_release-C01,GPPO-Adaptive seed=3303/tracking_saturation_release-C01,GPPO-Adaptive seed=3303,5,5,1.0,1.0,0.0,3.4,5,47.33499999999999,0.15235454016950678,0.25,7,0,2,0.4,0,0.0,34.20816829038837,117.17119485597466,2.012245193552257,17,15.004217647058825,0.0,4,2589,17,13,0.7647058823529411,0.9565323959378635,0.9065743944636678,0.47359577029505195,0.03004268980117119,18.288135813173003,400.7471872657713,47.33499999999999,tracking_saturation_release,GPPO-Adaptive,3303,results/random_event/minimum_validation_50k_2afa8ec/preliminary/runs/GPPO-Adaptive/seed_3303/models/gppo_adaptive_seed3303_step50000.pt,595253bce8e56358e077b57e3ae9d56c7babaeb6e5a3539be3663c8bf7b0a3c0
tracking_saturation_release-C01,Nearest Legal/tracking_saturation_release-C01,Nearest Legal,5,5,1.0,1.0,0.0,3.4,5,46.324999999999996,0.15448999975662644,0.75,7,0,2,0.4,0,0.0,32.24983495705504,114.16973669432315,1.8970491151208848,17,0.0952470588235294,0.0,4,2589,17,13,0.7647058823529411,,0.9100346020761245,,,,,46.324999999999996,tracking_saturation_release,Nearest Legal,,,
tracking_saturation_release-C01,Min Load/tracking_saturation_release-C01,Min Load,5,5,1.0,1.0,0.0,6.2,5,93.67099999999998,0.0948784577888723,0.25,11,0,2,0.4,0,0.0,34.76198382685729,119.93129052645213,1.1213543169953963,31,0.08977419354838707,0.0,4,2589,31,27,0.8709677419354839,,0.9108159392789373,,,,,93.67099999999998,tracking_saturation_release,Min Load,,,
tracking_saturation_release-C01,Greedy Cost/tracking_saturation_release-C01,Greedy Cost,5,5,1.0,1.0,0.0,6.0,5,93.66699999999997,0.09236390252220804,0.25,10,0,2,0.4,0,0.0,34.76198382685728,124.23623230538547,1.1587327942285761,30,2.3470966666666664,0.0,4,2589,30,26,0.8666666666666667,,0.9098039215686275,,,,,93.66699999999997,tracking_saturation_release,Greedy Cost,,,
tracking_saturation_release-C01,Current-Pending Exact Planner/tracking_saturation_release-C01,Current-Pending Exact Planner,5,5,1.0,1.0,0.0,6.2,5,93.67099999999998,0.0948784577888723,0.25,11,0,2,0.4,0,0.0,34.76198382685729,119.93129052645213,1.1213543169953963,31,1.023574193548387,0.0,4,2589,31,27,0.8709677419354839,,0.9108159392789373,,,,,93.67099999999998,tracking_saturation_release,Current-Pending Exact Planner,,,
tracking_saturation_release-C02,PPO-MLP seed=1101/tracking_saturation_release-C02,PPO-MLP seed=1101,5,5,1.0,1.0,0.0,6.0,5,95.721,0.074836856996833,0.5,10,0,2,0.4,0,0.0,32.08020713156065,130.17612412328396,1.0693402377186882,30,1.5376933333333331,0.0,4,2583,30,26,0.8666666666666667,0.9416911939779917,0.903921568627451,,,19.201132754227682,426.7572724886915,95.721,tracking_saturation_release,PPO-MLP,1101,results/random_event/minimum_validation_50k_2afa8ec/preliminary/runs/PPO-MLP/seed_1101/models/ppo_mlp_seed1101_step50000.pt,cc0d3d77d0d93ef7ae910b84795405d0bb50811317eb5f310c031d709d30b4e5
tracking_saturation_release-C02,GPPO-Adaptive seed=1101/tracking_saturation_release-C02,GPPO-Adaptive seed=1101,5,5,1.0,1.0,0.0,3.4,5,47.33699999999999,0.1401506560522796,0.25,7,0,2,0.4,0,0.0,34.25698382685728,117.12237931950575,2.015116695697487,17,15.059811764705882,0.0,4,2583,17,13,0.7647058823529411,0.9833485624369454,0.9065743944636678,0.5424492801083068,0.01907017736900137,18.941722703451514,410.14351085038095,47.33699999999999,tracking_saturation_release,GPPO-Adaptive,1101,results/random_event/minimum_validation_50k_2afa8ec/preliminary/runs/GPPO-Adaptive/seed_1101/models/gppo_adaptive_seed1101_step50000.pt,2f378fc0d7bf6c23dc97402a9f8d0c1e20a5aa7f4a698e32a7ede0d494980b88
tracking_saturation_release-C02,PPO-MLP seed=2202/tracking_saturation_release-C02,PPO-MLP seed=2202,5,5,1.0,1.0,0.0,6.0,5,95.721,0.074836856996833,0.5,10,0,2,0.4,0,0.0,32.08020713156065,130.17612412328396,1.0693402377186882,30,2.709863333333333,0.0,4,2583,30,26,0.8666666666666667,0.937775868177414,0.903921568627451,,,18.942065091670717,419.0344475755667,95.721,tracking_saturation_release,PPO-MLP,2202,results/random_event/minimum_validation_50k_2afa8ec/preliminary/runs/PPO-MLP/seed_2202/models/ppo_mlp_seed2202_step50000.pt,c88d41a7f2ca7b0173303035d441bb1e3a0bdb09cf4776f9fa43dac1d64d4cf0
tracking_saturation_release-C02,GPPO-Adaptive seed=2202/tracking_saturation_release-C02,GPPO-Adaptive seed=2202,5,5,1.0,1.0,0.0,6.2,5,93.678,0.12736403503425325,0.25,11,0,2,0.4,0,0.0,34.2203721745056,120.06123283543366,1.1038829733711484,31,13.480683870967743,0.0,4,2583,31,27,0.8709677419354839,0.9746815177702135,0.9108159392789373,0.4843727588172882,0.03886129776004562,19.361274058436216,440.2746471496142,93.678,tracking_saturation_release,GPPO-Adaptive,2202,results/random_event/minimum_validation_50k_2afa8ec/preliminary/runs/GPPO-Adaptive/seed_2202/models/gppo_adaptive_seed2202_step50000.pt,3350ddee817e440d673517141a3c5d42bcaaf8419c90730933e91e8514f3a33f
tracking_saturation_release-C02,PPO-MLP seed=3303/tracking_saturation_release-C02,PPO-MLP seed=3303,5,5,1.0,1.0,0.0,6.0,5,95.721,0.074836856996833,0.5,10,0,2,0.4,0,0.0,32.08020713156065,130.17612412328396,1.0693402377186882,30,1.7442700000000002,0.0,4,2583,30,26,0.8666666666666667,0.9455426434675852,0.903921568627451,,,19.057775286576316,419.396998071443,95.721,tracking_saturation_release,PPO-MLP,3303,results/random_event/minimum_validation_50k_2afa8ec/preliminary/runs/PPO-MLP/seed_3303/models/ppo_mlp_seed3303_step50000.pt,5fe8988e4980eccdff55ccc5d3cbb099ffd2dafa0ff1798b0ef41994113216e3
tracking_saturation_release-C02,GPPO-Adaptive seed=3303/tracking_saturation_release-C02,GPPO-Adaptive seed=3303,5,5,1.0,1.0,0.0,6.2,5,95.72399999999999,0.08459860788136525,0.5,11,0,2,0.4,0,0.0,32.51198382685729,125.9001711268221,1.048773671834106,31,14.644593548387096,0.0,4,2583,31,27,0.8709677419354839,0.9539221409828432,0.9051233396584442,0.4772099586984804,0.031692701314509984,19.319673931370605,435.2942280521399,95.72399999999999,tracking_saturation_release,GPPO-Adaptive,3303,results/random_event/minimum_validation_50k_2afa8ec/preliminary/runs/GPPO-Adaptive/seed_3303/models/gppo_adaptive_seed3303_step50000.pt,595253bce8e56358e077b57e3ae9d56c7babaeb6e5a3539be3663c8bf7b0a3c0
tracking_saturation_release-C02,Nearest Legal/tracking_saturation_release-C02,Nearest Legal,5,5,1.0,1.0,0.0,6.0,5,95.721,0.074836856996833,0.5,10,0,2,0.4,0,0.0,32.08020713156065,130.17612412328396,1.0693402377186882,30,0.08361666666666667,0.0,4,2583,30,26,0.8666666666666667,,0.903921568627451,,,,,95.721,tracking_saturation_release,Nearest Legal,,,
tracking_saturation_release-C02,Min Load/tracking_saturation_release-C02,Min Load,5,5,1.0,1.0,0.0,6.0,5,95.721,0.074836856996833,0.5,10,0,2,0.4,0,0.0,32.08020713156065,130.17612412328396,1.0693402377186882,30,0.11575999999999999,0.0,4,2583,30,26,0.8666666666666667,,0.903921568627451,,,,,95.721,tracking_saturation_release,Min Load,,,
tracking_saturation_release-C02,Greedy Cost/tracking_saturation_release-C02,Greedy Cost,5,5,1.0,1.0,0.0,6.2,5,95.69099999999999,0.09759413857244827,0.375,11,0,3,0.6,0,0.0,33.159242725289495,130.51215324958645,1.0696529911383708,31,3.4713999999999996,0.0,4,2583,31,27,0.8709677419354839,,0.9051233396584442,,,,,95.69099999999999,tracking_saturation_release,Greedy Cost,,,
tracking_saturation_release-C02,Current-Pending Exact Planner/tracking_saturation_release-C02,Current-Pending Exact Planner,5,5,1.0,1.0,0.0,6.2,5,95.72900000000001,0.07916497376250457,0.5,11,0,2,0.4,0,0.0,32.08020713156065,125.87843659034667,1.034845391340666,31,1.6700903225806454,0.0,4,2583,31,27,0.8709677419354839,,0.9051233396584442,,,,,95.72900000000001,tracking_saturation_release,Current-Pending Exact Planner,,,
tracking_saturation_release-C03,PPO-MLP seed=1101/tracking_saturation_release-C03,PPO-MLP seed=1101,5,5,1.0,1.0,0.0,8.8,5,141.02599999999998,0.06015446406989005,0.26785714285714285,14,0,3,0.6,0,0.0,32.7030582617584,137.23882312300478,0.7432513241308727,44,3.0844750000000003,0.0,4,2589,44,40,0.9090909090909091,0.9456481622024016,0.9090909090909091,,,19.6895026858711,435.39072307795055,141.02599999999998,tracking_saturation_release,PPO-MLP,1101,results/random_event/minimum_validation_50k_2afa8ec/preliminary/runs/PPO-MLP/seed_1101/models/ppo_mlp_seed1101_step50000.pt,cc0d3d77d0d93ef7ae910b84795405d0bb50811317eb5f310c031d709d30b4e5
tracking_saturation_release-C03,GPPO-Adaptive seed=1101/tracking_saturation_release-C03,GPPO-Adaptive seed=1101,5,5,1.0,1.0,0.0,6.0,5,93.67099999999998,0.09585072655570151,0.25,10,0,2,0.4,0,0.0,34.713168290388374,124.25017960151945,1.1571056096796124,30,17.536066666666663,0.0,4,2589,30,26,0.8666666666666667,0.9802884976069133,0.9098039215686275,0.535991944745183,0.023492855605864702,19.677973513499502,438.5856882023852,93.67099999999998,tracking_saturation_release,GPPO-Adaptive,1101,results/random_event/minimum_validation_50k_2afa8ec/preliminary/runs/GPPO-Adaptive/seed_1101/models/gppo_adaptive_seed1101_step50000.pt,2f378fc0d7bf6c23dc97402a9f8d0c1e20a5aa7f4a698e32a7ede0d494980b88
tracking_saturation_release-C03,PPO-MLP seed=2202/tracking_saturation_release-C03,PPO-MLP seed=2202,5,5,1.0,1.0,0.0,8.8,5,141.02599999999998,0.06015446406989005,0.26785714285714285,14,0,3,0.6,0,0.0,32.7030582617584,137.23882312300478,0.7432513241308727,44,2.9187272727272724,0.0,4,2589,44,40,0.9090909090909091,0.9402422647584568,0.9090909090909091,,,19.36930536371922,426.8509494986213,141.02599999999998,tracking_saturation_release,PPO-MLP,2202,results/random_event/minimum_validation_50k_2afa8ec/preliminary/runs/PPO-MLP/seed_2202/models/ppo_mlp_seed2202_step50000.pt,c88d41a7f2ca7b0173303035d441bb1e3a0bdb09cf4776f9fa43dac1d64d4cf0
tracking_saturation_release-C03,GPPO-Adaptive seed=2202/tracking_saturation_release-C03,GPPO-Adaptive seed=2202,5,5,1.0,1.0,0.0,6.2,5,93.675,0.09990529577049208,0.25,11,0,2,0.4,0,0.0,34.713168290388374,119.9513978783786,1.1197796222705927,31,14.662125806451613,0.0,4,2589,31,27,0.8709677419354839,0.9755965009812386,0.9108159392789373,0.4799695576150571,0.0391247579870391,19.25832343378545,437.23548861845495,93.675,tracking_saturation_release,GPPO-Adaptive,2202,results/random_event/minimum_validation_50k_2afa8ec/preliminary/runs/GPPO-Adaptive/seed_2202/models/gppo_adaptive_seed2202_step50000.pt,3350ddee817e440d673517141a3c5d42bcaaf8419c90730933e91e8514f3a33f
tracking_saturation_release-C03,PPO-MLP seed=3303/tracking_saturation_release-C03,PPO-MLP seed=3303,5,5,1.0,1.0,0.0,8.8,5,141.02599999999998,0.06015446406989005,0.26785714285714285,14,0,3,0.6,0,0.0,32.7030582617584,137.23882312300478,0.7432513241308727,44,1.4078522727272726,0.0,4,2589,44,40,0.9090909090909091,0.9494197476993907,0.9090909090909091,,,19.2200748401763,418.88790255177116,141.02599999999998,tracking_saturation_release,PPO-MLP,3303,results/random_event/minimum_validation_50k_2afa8ec/preliminary/runs/PPO-MLP/seed_3303/models/ppo_mlp_seed3303_step50000.pt,5fe8988e4980eccdff55ccc5d3cbb099ffd2dafa0ff1798b0ef41994113216e3
tracking_saturation_release-C03,GPPO-Adaptive seed=3303/tracking_saturation_release-C03,GPPO-Adaptive seed=3303,5,5,1.0,1.0,0.0,8.8,5,144.075,0.06607964561952348,0.26666666666666666,14,0,3,0.6,0,0.0,32.51198382685729,137.2627619444414,0.7389087233376657,44,11.457822727272728,0.0,4,2589,44,40,0.9090909090909091,0.951032935895703,0.9050802139037434,0.4773118364850454,0.032045457470963344,19.915209654464164,451.04609668446193,144.075,tracking_saturation_release,GPPO-Adaptive,3303,results/random_event/minimum_validation_50k_2afa8ec/preliminary/runs/GPPO-Adaptive/seed_3303/models/gppo_adaptive_seed3303_step50000.pt,595253bce8e56358e077b57e3ae9d56c7babaeb6e5a3539be3663c8bf7b0a3c0
tracking_saturation_release-C03,Nearest Legal/tracking_saturation_release-C03,Nearest Legal,5,5,1.0,1.0,0.0,8.8,5,141.02599999999998,0.06015446406989005,0.26785714285714285,14,0,3,0.6,0,0.0,32.7030582617584,137.23882312300478,0.7432513241308727,44,0.049813636363636365,0.0,4,2589,44,40,0.9090909090909091,,0.9090909090909091,,,,,141.02599999999998,tracking_saturation_release,Nearest Legal,,,
tracking_saturation_release-C03,Min Load/tracking_saturation_release-C03,Min Load,5,5,1.0,1.0,0.0,8.8,5,141.02599999999998,0.06015446406989005,0.26785714285714285,14,0,3,0.6,0,0.0,32.7030582617584,137.23882312300478,0.7432513241308727,44,0.04445909090909091,0.0,4,2589,44,40,0.9090909090909091,,0.9090909090909091,,,,,141.02599999999998,tracking_saturation_release,Min Load,,,
tracking_saturation_release-C03,Greedy Cost/tracking_saturation_release-C03,Greedy Cost,5,5,1.0,1.0,0.0,6.2,5,95.69099999999999,0.09933755058919501,0.375,11,0,3,0.6,0,0.0,33.159242725289495,130.51912689765342,1.0696529911383708,31,1.5227774193548387,0.0,4,2589,31,27,0.8709677419354839,,0.9051233396584442,,,,,95.69099999999999,tracking_saturation_release,Greedy Cost,,,
tracking_saturation_release-C03,Current-Pending Exact Planner/tracking_saturation_release-C03,Current-Pending Exact Planner,5,5,1.0,1.0,0.0,6.4,5,95.693,0.10179399212196771,0.375,12,0,3,0.6,0,0.0,33.159242725289495,126.21395266378451,1.0362263351652967,32,1.2483374999999999,0.0,4,2589,32,28,0.875,,0.9062500000000001,,,,,95.693,tracking_saturation_release,Current-Pending Exact Planner,,,
tracking_saturation_release-C04,PPO-MLP seed=1101/tracking_saturation_release-C04,PPO-MLP seed=1101,5,5,1.0,1.0,0.0,3.4,5,47.33499999999999,0.13797139103134617,0.25,7,0,2,0.4,0,0.0,34.25698382685728,117.11366225942203,2.015116695697487,17,1.5782058823529412,0.0,4,2581,17,13,0.7647058823529411,0.9464956486926359,0.9065743944636678,,,17.924775385770666,382.14891581126847,47.33499999999999,tracking_saturation_release,PPO-MLP,1101,results/random_event/minimum_validation_50k_2afa8ec/preliminary/runs/PPO-MLP/seed_1101/models/ppo_mlp_seed1101_step50000.pt,cc0d3d77d0d93ef7ae910b84795405d0bb50811317eb5f310c031d709d30b4e5
tracking_saturation_release-C04,GPPO-Adaptive seed=1101/tracking_saturation_release-C04,GPPO-Adaptive seed=1101,5,5,1.0,1.0,0.0,6.0,5,96.706,0.09872963507795936,0.375,10,0,3,0.6,0,0.0,32.968168290388384,139.84669523560848,1.0989389430129461,30,13.418239999999999,0.0,4,2581,30,26,0.8666666666666667,0.9854022522767385,0.9019607843137256,0.5588157431946861,0.018343091061376254,20.44979911783132,457.66139783922506,96.706,tracking_saturation_release,GPPO-Adaptive,1101,results/random_event/minimum_validation_50k_2afa8ec/preliminary/runs/GPPO-Adaptive/seed_1101/models/gppo_adaptive_seed1101_step50000.pt,2f378fc0d7bf6c23dc97402a9f8d0c1e20a5aa7f4a698e32a7ede0d494980b88
tracking_saturation_release-C04,PPO-MLP seed=2202/tracking_saturation_release-C04,PPO-MLP seed=2202,5,5,1.0,1.0,0.0,3.4,5,47.33499999999999,0.13797139103134617,0.25,7,0,2,0.4,0,0.0,34.25698382685728,117.11366225942203,2.015116695697487,17,1.3308764705882354,0.0,4,2581,17,13,0.7647058823529411,0.9418173993335051,0.9065743944636678,,,18.031952446963796,386.2814761632385,47.33499999999999,tracking_saturation_release,PPO-MLP,2202,results/random_event/minimum_validation_50k_2afa8ec/preliminary/runs/PPO-MLP/seed_2202/models/ppo_mlp_seed2202_step50000.pt,c88d41a7f2ca7b0173303035d441bb1e3a0bdb09cf4776f9fa43dac1d64d4cf0
tracking_saturation_release-C04,GPPO-Adaptive seed=2202/tracking_saturation_release-C04,GPPO-Adaptive seed=2202,5,5,1.0,1.0,0.0,5.8,5,92.65699999999998,0.11896301861840075,0.25,9,0,2,0.4,0,0.0,34.7253721745056,128.65262876977025,1.1974266267070897,29,14.284834482758622,0.0,4,2581,29,25,0.8620689655172413,0.9712897518585468,0.9107505070993915,0.49466650918040467,0.038982191484360156,20.528592347552223,471.17968937995465,92.65699999999998,tracking_saturation_release,GPPO-Adaptive,2202,results/random_event/minimum_validation_50k_2afa8ec/preliminary/runs/GPPO-Adaptive/seed_2202/models/gppo_adaptive_seed2202_step50000.pt,3350ddee817e440d673517141a3c5d42bcaaf8419c90730933e91e8514f3a33f
tracking_saturation_release-C04,PPO-MLP seed=3303/tracking_saturation_release-C04,PPO-MLP seed=3303,5,5,1.0,1.0,0.0,3.4,5,47.33499999999999,0.13797139103134617,0.25,7,0,2,0.4,0,0.0,34.25698382685728,117.11366225942203,2.015116695697487,17,1.816129411764706,0.0,4,2581,17,13,0.7647058823529411,0.9492766331223881,0.9065743944636678,,,17.84915882971526,376.6381243474416,47.33499999999999,tracking_saturation_release,PPO-MLP,3303,results/random_event/minimum_validation_50k_2afa8ec/preliminary/runs/PPO-MLP/seed_3303/models/ppo_mlp_seed3303_step50000.pt,5fe8988e4980eccdff55ccc5d3cbb099ffd2dafa0ff1798b0ef41994113216e3
tracking_saturation_release-C04,GPPO-Adaptive seed=3303/tracking_saturation_release-C04,GPPO-Adaptive seed=3303,5,5,1.0,1.0,0.0,6.2,5,93.67099999999998,0.09990529577049208,0.25,11,0,2,0.4,0,0.0,34.713168290388374,119.9513978783786,1.1197796222705927,31,15.74612258064516,0.0,4,2581,31,27,0.8709677419354839,0.9551765091957585,0.9108159392789373,0.4748911456635562,0.03129100986770589,19.022296239177802,425.19077011558903,93.67099999999998,tracking_saturation_release,GPPO-Adaptive,3303,results/random_event/minimum_validation_50k_2afa8ec/preliminary/runs/GPPO-Adaptive/seed_3303/models/gppo_adaptive_seed3303_step50000.pt,595253bce8e56358e077b57e3ae9d56c7babaeb6e5a3539be3663c8bf7b0a3c0
tracking_saturation_release-C04,Nearest Legal/tracking_saturation_release-C04,Nearest Legal,5,5,1.0,1.0,0.0,3.4,5,47.33499999999999,0.13797139103134617,0.25,7,0,2,0.4,0,0.0,34.25698382685728,117.11366225942203,2.015116695697487,17,0.08271176470588235,0.0,4,2581,17,13,0.7647058823529411,,0.9065743944636678,,,,,47.33499999999999,tracking_saturation_release,Nearest Legal,,,
tracking_saturation_release-C04,Min Load/tracking_saturation_release-C04,Min Load,5,5,1.0,1.0,0.0,3.4,5,47.33499999999999,0.13797139103134617,0.25,7,0,2,0.4,0,0.0,34.25698382685728,117.11366225942203,2.015116695697487,17,0.12506470588235294,0.0,4,2581,17,13,0.7647058823529411,,0.9065743944636678,,,,,47.33499999999999,tracking_saturation_release,Min Load,,,
tracking_saturation_release-C04,Greedy Cost/tracking_saturation_release-C04,Greedy Cost,5,5,1.0,1.0,0.0,6.0,5,93.66699999999997,0.09149219651383467,0.25,10,0,2,0.4,0,0.0,34.713168290388374,124.23274548135197,1.1571056096796124,30,2.034906666666666,0.0,4,2581,30,26,0.8666666666666667,,0.9098039215686275,,,,,93.66699999999997,tracking_saturation_release,Greedy Cost,,,
tracking_saturation_release-C04,Current-Pending Exact Planner/tracking_saturation_release-C04,Current-Pending Exact Planner,5,5,1.0,1.0,0.0,3.4,5,47.339,0.13797139103134617,0.25,7,0,2,0.4,0,0.0,34.25698382685728,117.11366225942203,2.015116695697487,17,1.0109058823529413,0.0,4,2581,17,13,0.7647058823529411,,0.9065743944636678,,,,,47.339,tracking_saturation_release,Current-Pending Exact Planner,,,
tracking_saturation_release-C05,PPO-MLP seed=1101/tracking_saturation_release-C05,PPO-MLP seed=1101,5,5,1.0,1.0,0.0,8.6,5,141.02399999999997,0.055896496786479045,0.26785714285714285,13,0,3,0.6,0,0.0,32.1980582617584,141.53679125387112,0.7487920525990325,43,1.936674418604651,0.0,4,2589,43,39,0.9069767441860465,0.9452165822650112,0.9083447332421342,,,19.59018666452829,435.51514856623913,141.02399999999997,tracking_saturation_release,PPO-MLP,1101,results/random_event/minimum_validation_50k_2afa8ec/preliminary/runs/PPO-MLP/seed_1101/models/ppo_mlp_seed1101_step50000.pt,cc0d3d77d0d93ef7ae910b84795405d0bb50811317eb5f310c031d709d30b4e5
tracking_saturation_release-C05,GPPO-Adaptive seed=1101/tracking_saturation_release-C05,GPPO-Adaptive seed=1101,5,5,1.0,1.0,0.0,6.4,5,95.701,0.12827722502803746,0.265625,12,0,3,0.6,0,0.0,32.67865049352395,125.88738559540879,1.0212078279226235,32,12.028281250000001,0.0,4,2589,32,28,0.875,0.9815947469323874,0.90625,0.5336845978939285,0.02265538350932158,19.258983907901793,423.56803299627717,95.701,tracking_saturation_release,GPPO-Adaptive,1101,results/random_event/minimum_validation_50k_2afa8ec/preliminary/runs/GPPO-Adaptive/seed_1101/models/gppo_adaptive_seed1101_step50000.pt,2f378fc0d7bf6c23dc97402a9f8d0c1e20a5aa7f4a698e32a7ede0d494980b88
tracking_saturation_release-C05,PPO-MLP seed=2202/tracking_saturation_release-C05,PPO-MLP seed=2202,5,5,1.0,1.0,0.0,8.6,5,141.02399999999997,0.055896496786479045,0.26785714285714285,13,0,3,0.6,0,0.0,32.1980582617584,141.53679125387112,0.7487920525990325,43,2.043509302325581,0.0,4,2589,43,39,0.9069767441860465,0.9398456590120182,0.9083447332421342,,,19.286007140261844,424.96267919962617,141.02399999999997,tracking_saturation_release,PPO-MLP,2202,results/random_event/minimum_validation_50k_2afa8ec/preliminary/runs/PPO-MLP/seed_2202/models/ppo_mlp_seed2202_step50000.pt,c88d41a7f2ca7b0173303035d441bb1e3a0bdb09cf4776f9fa43dac1d64d4cf0
tracking_saturation_release-C05,GPPO-Adaptive seed=2202/tracking_saturation_release-C05,GPPO-Adaptive seed=2202,5,5,1.0,1.0,0.0,6.2,5,95.695,0.1245887373519395,0.26666666666666666,11,0,3,0.6,0,0.0,32.67865049352395,130.19179831137106,1.0541500159201276,31,15.568870967741935,0.0,4,2589,31,27,0.8709677419354839,0.975448566098367,0.9051233396584442,0.48228401518476904,0.03916288205866012,19.471956182709587,440.4635739030721,95.695,tracking_saturation_release,GPPO-Adaptive,2202,results/random_event/minimum_validation_50k_2afa8ec/preliminary/runs/GPPO-Adaptive/seed_2202/models/gppo_adaptive_seed2202_step50000.pt,3350ddee817e440d673517141a3c5d42bcaaf8419c90730933e91e8514f3a33f
tracking_saturation_release-C05,PPO-MLP seed=3303/tracking_saturation_release-C05,PPO-MLP seed=3303,5,5,1.0,1.0,0.0,8.6,5,141.02399999999997,0.055896496786479045,0.26785714285714285,13,0,3,0.6,0,0.0,32.1980582617584,141.53679125387112,0.7487920525990325,43,2.617827906976744,0.0,4,2589,43,39,0.9069767441860465,0.9483708254126615,0.9083447332421342,,,19.150428629888708,421.1748559134134,141.02399999999997,tracking_saturation_release,PPO-MLP,3303,results/random_event/minimum_validation_50k_2afa8ec/preliminary/runs/PPO-MLP/seed_3303/models/ppo_mlp_seed3303_step50000.pt,5fe8988e4980eccdff55ccc5d3cbb099ffd2dafa0ff1798b0ef41994113216e3
tracking_saturation_release-C05,GPPO-Adaptive seed=3303/tracking_saturation_release-C05,GPPO-Adaptive seed=3303,5,5,1.0,1.0,0.0,9.0,5,144.081,0.06985493885117698,0.265625,15,0,3,0.6,0,0.0,33.52198382685729,132.96869645070134,0.7449329739301619,45,15.870735555555555,0.0,4,2589,45,41,0.9111111111111111,0.9529153671529558,0.9058823529411765,0.47542902156710626,0.032269437601294367,19.62274631910222,442.0788576941943,144.081,tracking_saturation_release,GPPO-Adaptive,3303,results/random_event/minimum_validation_50k_2afa8ec/preliminary/runs/GPPO-Adaptive/seed_3303/models/gppo_adaptive_seed3303_step50000.pt,595253bce8e56358e077b57e3ae9d56c7babaeb6e5a3539be3663c8bf7b0a3c0
tracking_saturation_release-C05,Nearest Legal/tracking_saturation_release-C05,Nearest Legal,5,5,1.0,1.0,0.0,8.6,5,141.02399999999997,0.055896496786479045,0.26785714285714285,13,0,3,0.6,0,0.0,32.1980582617584,141.53679125387112,0.7487920525990325,43,0.06176046511627907,0.0,4,2589,43,39,0.9069767441860465,,0.9083447332421342,,,,,141.02399999999997,tracking_saturation_release,Nearest Legal,,,
tracking_saturation_release-C05,Min Load/tracking_saturation_release-C05,Min Load,5,5,1.0,1.0,0.0,8.6,5,141.02399999999997,0.055896496786479045,0.26785714285714285,13,0,3,0.6,0,0.0,32.1980582617584,141.53679125387112,0.7487920525990325,43,0.10434418604651165,0.0,4,2589,43,39,0.9069767441860465,,0.9083447332421342,,,,,141.02399999999997,tracking_saturation_release,Min Load,,,
tracking_saturation_release-C05,Greedy Cost/tracking_saturation_release-C05,Greedy Cost,5,5,1.0,1.0,0.0,8.6,5,143.05599999999998,0.05640713034378206,0.26785714285714285,13,0,3,0.6,0,0.0,33.52198382685729,141.53883378810033,0.7795810192292393,43,3.0735418604651166,0.0,4,2589,43,39,0.9069767441860465,,0.9056087551299591,,,,,143.05599999999998,tracking_saturation_release,Greedy Cost,,,
tracking_saturation_release-C05,Current-Pending Exact Planner/tracking_saturation_release-C05,Current-Pending Exact Planner,5,5,1.0,1.0,0.0,6.4,5,95.696,0.10179399212196771,0.375,12,0,3,0.6,0,0.0,33.159242725289495,126.21395266378451,1.0362263351652967,32,1.6181375,0.0,4,2589,32,28,0.875,,0.9062500000000001,,,,,95.696,tracking_saturation_release,Current-Pending Exact Planner,,,
out_of_order_reports-C00,PPO-MLP seed=1101/out_of_order_reports-C00,PPO-MLP seed=1101,5,5,1.0,1.0,0.0,1.0,5,1.002,0.10311973892303816,0.375,5,0,0,0.0,0,0.0,19.74483495705504,105.83925565098879,3.948966991411008,5,1.51526,0.0,4,2377,5,1,0.2,0.8697383522987365,0.8235294117647058,,,8.53622228878406,91.17145166724082,1.002,out_of_order_reports,PPO-MLP,1101,results/random_event/minimum_validation_50k_2afa8ec/preliminary/runs/PPO-MLP/seed_1101/models/ppo_mlp_seed1101_step50000.pt,cc0d3d77d0d93ef7ae910b84795405d0bb50811317eb5f310c031d709d30b4e5
out_of_order_reports-C00,GPPO-Adaptive seed=1101/out_of_order_reports-C00,GPPO-Adaptive seed=1101,5,5,1.0,1.0,0.0,1.0,5,1.002,0.10311973892303816,0.375,5,0,0,0.0,0,0.0,19.74483495705504,105.83925565098879,3.948966991411008,5,11.58328,0.0,4,2377,5,1,0.2,0.9220420241355896,0.8235294117647058,0.4637686550617218,0.011231780854076657,8.321591208156619,89.17112290464664,1.002,out_of_order_reports,GPPO-Adaptive,1101,results/random_event/minimum_validation_50k_2afa8ec/preliminary/runs/GPPO-Adaptive/seed_1101/models/gppo_adaptive_seed1101_step50000.pt,2f378fc0d7bf6c23dc97402a9f8d0c1e20a5aa7f4a698e32a7ede0d494980b88
out_of_order_reports-C00,PPO-MLP seed=2202/out_of_order_reports-C00,PPO-MLP seed=2202,5,5,1.0,1.0,0.0,1.0,5,1.002,0.10311973892303816,0.375,5,0,0,0.0,0,0.0,19.74483495705504,105.83925565098879,3.948966991411008,5,1.45694,0.0,4,2377,5,1,0.2,0.872029721736908,0.8235294117647058,,,9.958929083522829,116.0254767547743,1.002,out_of_order_reports,PPO-MLP,2202,results/random_event/minimum_validation_50k_2afa8ec/preliminary/runs/PPO-MLP/seed_2202/models/ppo_mlp_seed2202_step50000.pt,c88d41a7f2ca7b0173303035d441bb1e3a0bdb09cf4776f9fa43dac1d64d4cf0
out_of_order_reports-C00,GPPO-Adaptive seed=2202/out_of_order_reports-C00,GPPO-Adaptive seed=2202,5,5,1.0,1.0,0.0,1.0,5,1.002,0.10311973892303816,0.375,5,0,0,0.0,0,0.0,19.74483495705504,105.83925565098879,3.948966991411008,5,18.5148,0.0,4,2377,5,1,0.2,0.9277170300483704,0.8235294117647058,0.4378184628983339,0.02015558132356222,6.172992918666873,54.02075829398184,1.002,out_of_order_reports,GPPO-Adaptive,2202,results/random_event/minimum_validation_50k_2afa8ec/preliminary/runs/GPPO-Adaptive/seed_2202/models/gppo_adaptive_seed2202_step50000.pt,3350ddee817e440d673517141a3c5d42bcaaf8419c90730933e91e8514f3a33f
out_of_order_reports-C00,PPO-MLP seed=3303/out_of_order_reports-C00,PPO-MLP seed=3303,5,5,1.0,1.0,0.0,1.0,5,1.002,0.10311973892303816,0.375,5,0,0,0.0,0,0.0,19.74483495705504,105.83925565098879,3.948966991411008,5,3.0348599999999997,0.0,4,2377,5,1,0.2,0.8690833806991577,0.8235294117647058,,,9.803496573146854,121.31946938038107,1.002,out_of_order_reports,PPO-MLP,3303,results/random_event/minimum_validation_50k_2afa8ec/preliminary/runs/PPO-MLP/seed_3303/models/ppo_mlp_seed3303_step50000.pt,5fe8988e4980eccdff55ccc5d3cbb099ffd2dafa0ff1798b0ef41994113216e3
out_of_order_reports-C00,GPPO-Adaptive seed=3303/out_of_order_reports-C00,GPPO-Adaptive seed=3303,5,5,1.0,1.0,0.0,1.0,5,1.002,0.10311973892303816,0.375,5,0,0,0.0,0,0.0,19.74483495705504,105.83925565098879,3.948966991411008,5,17.190360000000002,0.0,4,2377,5,1,0.2,0.9302363157272339,0.8235294117647058,0.43451410283645,0.010087122318426798,7.529189512905154,72.62758118810079,1.002,out_of_order_reports,GPPO-Adaptive,3303,results/random_event/minimum_validation_50k_2afa8ec/preliminary/runs/GPPO-Adaptive/seed_3303/models/gppo_adaptive_seed3303_step50000.pt,595253bce8e56358e077b57e3ae9d56c7babaeb6e5a3539be3663c8bf7b0a3c0
out_of_order_reports-C00,Nearest Legal/out_of_order_reports-C00,Nearest Legal,5,5,1.0,1.0,0.0,1.0,5,1.002,0.10311973892303816,0.375,5,0,0,0.0,0,0.0,19.74483495705504,105.83925565098879,3.948966991411008,5,0.15522,0.0,4,2377,5,1,0.2,,0.8235294117647058,,,,,1.002,out_of_order_reports,Nearest Legal,,,
out_of_order_reports-C00,Min Load/out_of_order_reports-C00,Min Load,5,5,1.0,1.0,0.0,1.0,5,1.002,0.10311973892303816,0.375,5,0,0,0.0,0,0.0,19.74483495705504,105.83925565098879,3.948966991411008,5,0.10502,0.0,4,2377,5,1,0.2,,0.8235294117647058,,,,,1.002,out_of_order_reports,Min Load,,,
out_of_order_reports-C00,Greedy Cost/out_of_order_reports-C00,Greedy Cost,5,5,1.0,1.0,0.0,1.0,5,1.002,0.10311973892303816,0.375,5,0,0,0.0,0,0.0,19.74483495705504,105.83925565098879,3.948966991411008,5,6.0437199999999995,0.0,4,2377,5,1,0.2,,0.8235294117647058,,,,,1.002,out_of_order_reports,Greedy Cost,,,
out_of_order_reports-C00,Current-Pending Exact Planner/out_of_order_reports-C00,Current-Pending Exact Planner,5,5,1.0,1.0,0.0,1.0,5,1.002,0.10311973892303816,0.375,5,0,0,0.0,0,0.0,19.74483495705504,105.83925565098879,3.948966991411008,5,6.76388,0.0,4,2377,5,1,0.2,,0.8235294117647058,,,,,1.002,out_of_order_reports,Current-Pending Exact Planner,,,
out_of_order_reports-C01,PPO-MLP seed=1101/out_of_order_reports-C01,PPO-MLP seed=1101,5,5,1.0,1.0,0.0,0.8,5,1.002,0.0957540432856783,0.5,4,0,0,0.0,0,0.0,19.239834957055045,110.56979286843935,4.809958739263761,4,2.26605,0.0,4,2377,4,0,0.0,0.8534577488899231,0.8088235294117647,,,11.577045636194002,149.1074277539891,1.002,out_of_order_reports,PPO-MLP,1101,results/random_event/minimum_validation_50k_2afa8ec/preliminary/runs/PPO-MLP/seed_1101/models/ppo_mlp_seed1101_step50000.pt,cc0d3d77d0d93ef7ae910b84795405d0bb50811317eb5f310c031d709d30b4e5
out_of_order_reports-C01,GPPO-Adaptive seed=1101/out_of_order_reports-C01,GPPO-Adaptive seed=1101,5,5,1.0,1.0,0.0,0.8,5,1.002,0.0957540432856783,0.5,4,0,0,0.0,0,0.0,19.239834957055045,110.56979286843935,4.809958739263761,4,16.591549999999998,0.0,4,2377,4,0,0.0,0.8750278800725937,0.8088235294117647,0.4704576103637616,0.00944496306171409,9.350943760888827,99.44717696502178,1.002,out_of_order_reports,GPPO-Adaptive,1101,results/random_event/minimum_validation_50k_2afa8ec/preliminary/runs/GPPO-Adaptive/seed_1101/models/gppo_adaptive_seed1101_step50000.pt,2f378fc0d7bf6c23dc97402a9f8d0c1e20a5aa7f4a698e32a7ede0d494980b88
out_of_order_reports-C01,PPO-MLP seed=2202/out_of_order_reports-C01,PPO-MLP seed=2202,5,5,1.0,1.0,0.0,0.8,5,1.002,0.0957540432856783,0.5,4,0,0,0.0,0,0.0,19.239834957055045,110.56979286843935,4.809958739263761,4,2.3196250000000003,0.0,4,2377,4,0,0.0,0.8547476083040237,0.8088235294117647,,,10.958983616845858,133.667929288709,1.002,out_of_order_reports,PPO-MLP,2202,results/random_event/minimum_validation_50k_2afa8ec/preliminary/runs/PPO-MLP/seed_2202/models/ppo_mlp_seed2202_step50000.pt,c88d41a7f2ca7b0173303035d441bb1e3a0bdb09cf4776f9fa43dac1d64d4cf0
out_of_order_reports-C01,GPPO-Adaptive seed=2202/out_of_order_reports-C01,GPPO-Adaptive seed=2202,5,5,1.0,1.0,0.0,0.8,5,1.002,0.0957540432856783,0.5,4,0,0,0.0,0,0.0,19.239834957055045,110.56979286843935,4.809958739263761,4,19.176775,0.0,4,2377,4,0,0.0,0.906327098608017,0.8088235294117647,0.4372724949692686,0.02101585192214234,6.900529103296053,58.86156251557506,1.002,out_of_order_reports,GPPO-Adaptive,2202,results/random_event/minimum_validation_50k_2afa8ec/preliminary/runs/GPPO-Adaptive/seed_2202/models/gppo_adaptive_seed2202_step50000.pt,3350ddee817e440d673517141a3c5d42bcaaf8419c90730933e91e8514f3a33f
out_of_order_reports-C01,PPO-MLP seed=3303/out_of_order_reports-C01,PPO-MLP seed=3303,5,5,1.0,1.0,0.0,0.8,5,1.002,0.0957540432856783,0.5,4,0,0,0.0,0,0.0,19.239834957055045,110.56979286843935,4.809958739263761,4,1.8187,0.0,4,2377,4,0,0.0,0.8520922660827637,0.8088235294117647,,,11.074675040261996,141.91510777166468,1.002,out_of_order_reports,PPO-MLP,3303,results/random_event/minimum_validation_50k_2afa8ec/preliminary/runs/PPO-MLP/seed_3303/models/ppo_mlp_seed3303_step50000.pt,5fe8988e4980eccdff55ccc5d3cbb099ffd2dafa0ff1798b0ef41994113216e3
out_of_order_reports-C01,GPPO-Adaptive seed=3303/out_of_order_reports-C01,GPPO-Adaptive seed=3303,5,5,1.0,1.0,0.0,0.8,5,1.002,0.0957540432856783,0.5,4,0,0,0.0,0,0.0,19.239834957055045,110.56979286843935,4.809958739263761,4,15.243775,0.0,4,2377,4,0,0.0,0.9128619879484177,0.8088235294117647,0.43843431149919826,0.009449428807583074,7.64083858014847,70.7148534078248,1.002,out_of_order_reports,GPPO-Adaptive,3303,results/random_event/minimum_validation_50k_2afa8ec/preliminary/runs/GPPO-Adaptive/seed_3303/models/gppo_adaptive_seed3303_step50000.pt,595253bce8e56358e077b57e3ae9d56c7babaeb6e5a3539be3663c8bf7b0a3c0
out_of_order_reports-C01,Nearest Legal/out_of_order_reports-C01,Nearest Legal,5,5,1.0,1.0,0.0,0.8,5,1.002,0.0957540432856783,0.5,4,0,0,0.0,0,0.0,19.239834957055045,110.56979286843935,4.809958739263761,4,0.09385,0.0,4,2377,4,0,0.0,,0.8088235294117647,,,,,1.002,out_of_order_reports,Nearest Legal,,,
out_of_order_reports-C01,Min Load/out_of_order_reports-C01,Min Load,5,5,1.0,1.0,0.0,0.8,5,1.002,0.0957540432856783,0.5,4,0,0,0.0,0,0.0,19.239834957055045,110.56979286843935,4.809958739263761,4,0.075225,0.0,4,2377,4,0,0.0,,0.8088235294117647,,,,,1.002,out_of_order_reports,Min Load,,,
out_of_order_reports-C01,Greedy Cost/out_of_order_reports-C01,Greedy Cost,5,5,1.0,1.0,0.0,1.0,5,1.001,0.10311973892303816,0.375,5,0,0,0.0,0,0.0,19.239834957055045,105.83925565098879,3.847966991411009,5,4.0053399999999995,0.0,4,2377,5,1,0.2,,0.8235294117647058,,,,,1.001,out_of_order_reports,Greedy Cost,,,
out_of_order_reports-C01,Current-Pending Exact Planner/out_of_order_reports-C01,Current-Pending Exact Planner,5,5,1.0,1.0,0.0,0.8,5,1.002,0.0957540432856783,0.5,4,0,0,0.0,0,0.0,19.239834957055045,110.56979286843935,4.809958739263761,4,4.000475,0.0,4,2377,4,0,0.0,,0.8088235294117647,,,,,1.002,out_of_order_reports,Current-Pending Exact Planner,,,
out_of_order_reports-C02,PPO-MLP seed=1101/out_of_order_reports-C02,PPO-MLP seed=1101,5,5,1.0,1.0,0.0,1.0,5,1.001,0.10311973892303816,0.375,5,0,0,0.0,0,0.0,20.249834957055043,105.83925565098879,4.049966991411009,5,1.14898,0.0,4,2383,5,1,0.2,0.8700368404388428,0.8235294117647058,,,9.712326452907595,107.6810933333461,1.001,out_of_order_reports,PPO-MLP,1101,results/random_event/minimum_validation_50k_2afa8ec/preliminary/runs/PPO-MLP/seed_1101/models/ppo_mlp_seed1101_step50000.pt,cc0d3d77d0d93ef7ae910b84795405d0bb50811317eb5f310c031d709d30b4e5
out_of_order_reports-C02,GPPO-Adaptive seed=1101/out_of_order_reports-C02,GPPO-Adaptive seed=1101,5,5,1.0,1.0,0.0,0.8,5,0.0,0.11048543456039804,0.25,3,0,0,0.0,0,0.0,15.607686087252802,104.36871843353823,3.9019215218132004,4,10.635375,0.0,4,2383,4,0,0.0,0.8903123140335083,0.8529411764705882,0.44670971234639484,0.012338948744219364,8.722778786032869,84.67365517281901,0.0,out_of_order_reports,GPPO-Adaptive,1101,results/random_event/minimum_validation_50k_2afa8ec/preliminary/runs/GPPO-Adaptive/seed_1101/models/gppo_adaptive_seed1101_step50000.pt,2f378fc0d7bf6c23dc97402a9f8d0c1e20a5aa7f4a698e32a7ede0d494980b88
out_of_order_reports-C02,PPO-MLP seed=2202/out_of_order_reports-C02,PPO-MLP seed=2202,5,5,1.0,1.0,0.0,1.0,5,1.001,0.10311973892303816,0.375,5,0,0,0.0,0,0.0,20.249834957055043,105.83925565098879,4.049966991411009,5,1.1749,0.0,4,2383,5,1,0.2,0.8717892408370972,0.8235294117647058,,,9.125997564968142,97.51875966726081,1.001,out_of_order_reports,PPO-MLP,2202,results/random_event/minimum_validation_50k_2afa8ec/preliminary/runs/PPO-MLP/seed_2202/models/ppo_mlp_seed2202_step50000.pt,c88d41a7f2ca7b0173303035d441bb1e3a0bdb09cf4776f9fa43dac1d64d4cf0
out_of_order_reports-C02,GPPO-Adaptive seed=2202/out_of_order_reports-C02,GPPO-Adaptive seed=2202,5,5,1.0,1.0,0.0,0.8,5,0.0,0.11048543456039804,0.25,3,0,0,0.0,0,0.0,15.607686087252802,104.36871843353823,3.9019215218132004,4,8.64695,0.0,4,2383,4,0,0.0,0.9010043889284134,0.8529411764705882,0.42059905423472327,0.018799851474472887,6.652831662505342,51.45812365227014,0.0,out_of_order_reports,GPPO-Adaptive,2202,results/random_event/minimum_validation_50k_2afa8ec/preliminary/runs/GPPO-Adaptive/seed_2202/models/gppo_adaptive_seed2202_step50000.pt,3350ddee817e440d673517141a3c5d42bcaaf8419c90730933e91e8514f3a33f
out_of_order_reports-C02,PPO-MLP seed=3303/out_of_order_reports-C02,PPO-MLP seed=3303,5,5,1.0,1.0,0.0,1.0,5,1.001,0.10311973892303816,0.375,5,0,0,0.0,0,0.0,20.249834957055043,105.83925565098879,4.049966991411009,5,1.08414,0.0,4,2383,5,1,0.2,0.8691517949104309,0.8235294117647058,,,10.241936133083376,119.60163851160549,1.001,out_of_order_reports,PPO-MLP,3303,results/random_event/minimum_validation_50k_2afa8ec/preliminary/runs/PPO-MLP/seed_3303/models/ppo_mlp_seed3303_step50000.pt,5fe8988e4980eccdff55ccc5d3cbb099ffd2dafa0ff1798b0ef41994113216e3
out_of_order_reports-C02,GPPO-Adaptive seed=3303/out_of_order_reports-C02,GPPO-Adaptive seed=3303,5,5,1.0,1.0,0.0,1.0,5,1.001,0.10311973892303816,0.375,5,0,0,0.0,0,0.0,20.249834957055043,105.83925565098879,4.049966991411009,5,8.15982,0.0,4,2383,5,1,0.2,0.9285090088844299,0.8235294117647058,0.4301871443788211,0.009941432599221648,6.439999792751346,54.62145957044822,1.001,out_of_order_reports,GPPO-Adaptive,3303,results/random_event/minimum_validation_50k_2afa8ec/preliminary/runs/GPPO-Adaptive/seed_3303/models/gppo_adaptive_seed3303_step50000.pt,595253bce8e56358e077b57e3ae9d56c7babaeb6e5a3539be3663c8bf7b0a3c0
out_of_order_reports-C02,Nearest Legal/out_of_order_reports-C02,Nearest Legal,5,5,1.0,1.0,0.0,1.0,5,1.001,0.10311973892303816,0.375,5,0,0,0.0,0,0.0,20.249834957055043,105.83925565098879,4.049966991411009,5,0.05452,0.0,4,2383,5,1,0.2,,0.8235294117647058,,,,,1.001,out_of_order_reports,Nearest Legal,,,
out_of_order_reports-C02,Min Load/out_of_order_reports-C02,Min Load,5,5,1.0,1.0,0.0,1.0,5,1.001,0.10311973892303816,0.375,5,0,0,0.0,0,0.0,20.249834957055043,105.83925565098879,4.049966991411009,5,0.06776,0.0,4,2383,5,1,0.2,,0.8235294117647058,,,,,1.001,out_of_order_reports,Min Load,,,
out_of_order_reports-C02,Greedy Cost/out_of_order_reports-C02,Greedy Cost,5,5,1.0,1.0,0.0,1.0,5,1.001,0.10311973892303816,0.375,5,0,0,0.0,0,0.0,20.249834957055043,105.83925565098879,4.049966991411009,5,4.31614,0.0,4,2383,5,1,0.2,,0.8235294117647058,,,,,1.001,out_of_order_reports,Greedy Cost,,,
out_of_order_reports-C02,Current-Pending Exact Planner/out_of_order_reports-C02,Current-Pending Exact Planner,5,5,1.0,1.0,0.0,1.0,5,1.001,0.10311973892303816,0.375,5,0,0,0.0,0,0.0,20.249834957055043,105.83925565098879,4.049966991411009,5,4.30512,0.0,4,2383,5,1,0.2,,0.8235294117647058,,,,,1.001,out_of_order_reports,Current-Pending Exact Planner,,,
out_of_order_reports-C03,PPO-MLP seed=1101/out_of_order_reports-C03,PPO-MLP seed=1101,5,5,1.0,1.0,0.0,0.8,5,0.0,0.11048543456039804,0.25,3,0,0,0.0,0,0.0,15.607686087252802,104.36871843353823,3.9019215218132004,4,1.6738499999999998,0.0,4,2376,4,0,0.0,0.8839446157217026,0.8529411764705882,,,9.595867503493501,101.44768343623389,0.0,out_of_order_reports,PPO-MLP,1101,results/random_event/minimum_validation_50k_2afa8ec/preliminary/runs/PPO-MLP/seed_1101/models/ppo_mlp_seed1101_step50000.pt,cc0d3d77d0d93ef7ae910b84795405d0bb50811317eb5f310c031d709d30b4e5
out_of_order_reports-C03,GPPO-Adaptive seed=1101/out_of_order_reports-C03,GPPO-Adaptive seed=1101,5,5,1.0,1.0,0.0,0.8,5,0.0,0.11048543456039804,0.25,3,0,0,0.0,0,0.0,15.607686087252802,104.36871843353823,3.9019215218132004,4,14.359950000000001,0.0,4,2376,4,0,0.0,0.8892702609300613,0.8529411764705882,0.44966924687226617,0.011331726632505156,9.68934964021988,103.1490988694243,0.0,out_of_order_reports,GPPO-Adaptive,1101,results/random_event/minimum_validation_50k_2afa8ec/preliminary/runs/GPPO-Adaptive/seed_1101/models/gppo_adaptive_seed1101_step50000.pt,2f378fc0d7bf6c23dc97402a9f8d0c1e20a5aa7f4a698e32a7ede0d494980b88
out_of_order_reports-C03,PPO-MLP seed=2202/out_of_order_reports-C03,PPO-MLP seed=2202,5,5,1.0,1.0,0.0,0.8,5,0.0,0.11048543456039804,0.25,3,0,0,0.0,0,0.0,15.607686087252802,104.36871843353823,3.9019215218132004,4,1.8199,0.0,4,2376,4,0,0.0,0.8803178071975708,0.8529411764705882,,,9.906899083464815,110.42711747262737,0.0,out_of_order_reports,PPO-MLP,2202,results/random_event/minimum_validation_50k_2afa8ec/preliminary/runs/PPO-MLP/seed_2202/models/ppo_mlp_seed2202_step50000.pt,c88d41a7f2ca7b0173303035d441bb1e3a0bdb09cf4776f9fa43dac1d64d4cf0
out_of_order_reports-C03,GPPO-Adaptive seed=2202/out_of_order_reports-C03,GPPO-Adaptive seed=2202,5,5,1.0,1.0,0.0,0.8,5,1.002,0.10490695637359869,0.5,4,0,0,0.0,0,0.0,19.708223304703363,110.60640452079103,4.927055826175841,4,12.270775,0.0,4,2376,4,0,0.0,0.9014943242073059,0.8088235294117647,0.4368241013338168,0.0198658460681577,6.458502659808961,54.967748224383584,1.002,out_of_order_reports,GPPO-Adaptive,2202,results/random_event/minimum_validation_50k_2afa8ec/preliminary/runs/GPPO-Adaptive/seed_2202/models/gppo_adaptive_seed2202_step50000.pt,3350ddee817e440d673517141a3c5d42bcaaf8419c90730933e91e8514f3a33f
out_of_order_reports-C03,PPO-MLP seed=3303/out_of_order_reports-C03,PPO-MLP seed=3303,5,5,1.0,1.0,0.0,0.8,5,0.0,0.11048543456039804,0.25,3,0,0,0.0,0,0.0,15.607686087252802,104.36871843353823,3.9019215218132004,4,1.661625,0.0,4,2376,4,0,0.0,0.8777748942375183,0.8529411764705882,,,9.634713161795808,110.33587686112584,0.0,out_of_order_reports,PPO-MLP,3303,results/random_event/minimum_validation_50k_2afa8ec/preliminary/runs/PPO-MLP/seed_3303/models/ppo_mlp_seed3303_step50000.pt,5fe8988e4980eccdff55ccc5d3cbb099ffd2dafa0ff1798b0ef41994113216e3
out_of_order_reports-C03,GPPO-Adaptive seed=3303/out_of_order_reports-C03,GPPO-Adaptive seed=3303,5,5,1.0,1.0,0.0,0.8,5,0.0,0.11048543456039804,0.25,3,0,0,0.0,0,0.0,15.607686087252802,104.36871843353823,3.9019215218132004,4,13.18975,0.0,4,2376,4,0,0.0,0.9101243317127228,0.8529411764705882,0.43013992160558695,0.00993506396990925,9.149158228247835,95.30509654769834,0.0,out_of_order_reports,GPPO-Adaptive,3303,results/random_event/minimum_validation_50k_2afa8ec/preliminary/runs/GPPO-Adaptive/seed_3303/models/gppo_adaptive_seed3303_step50000.pt,595253bce8e56358e077b57e3ae9d56c7babaeb6e5a3539be3663c8bf7b0a3c0
out_of_order_reports-C03,Nearest Legal/out_of_order_reports-C03,Nearest Legal,5,5,1.0,1.0,0.0,0.8,5,0.0,0.11048543456039804,1.25,3,0,0,0.0,0,0.0,13.607686087252802,110.36871843353823,3.4019215218132004,4,0.08752499999999999,0.0,4,2376,4,0,0.0,,0.8529411764705882,,,,,0.0,out_of_order_reports,Nearest Legal,,,
out_of_order_reports-C03,Min Load/out_of_order_reports-C03,Min Load,5,5,1.0,1.0,0.0,0.8,5,0.0,0.11048543456039804,0.25,3,0,0,0.0,0,0.0,15.607686087252802,104.36871843353823,3.9019215218132004,4,0.0632,0.0,4,2376,4,0,0.0,,0.8529411764705882,,,,,0.0,out_of_order_reports,Min Load,,,
out_of_order_reports-C03,Greedy Cost/out_of_order_reports-C03,Greedy Cost,5,5,1.0,1.0,0.0,0.8,5,0.0,0.11048543456039804,0.25,3,0,0,0.0,0,0.0,15.607686087252802,104.36871843353823,3.9019215218132004,4,2.7672999999999996,0.0,4,2376,4,0,0.0,,0.8529411764705882,,,,,0.0,out_of_order_reports,Greedy Cost,,,
out_of_order_reports-C03,Current-Pending Exact Planner/out_of_order_reports-C03,Current-Pending Exact Planner,5,5,1.0,1.0,0.0,0.8,5,0.0,0.11048543456039804,0.25,3,0,0,0.0,0,0.0,15.607686087252802,104.36871843353823,3.9019215218132004,4,3.10285,0.0,4,2376,4,0,0.0,,0.8529411764705882,,,,,0.0,out_of_order_reports,Current-Pending Exact Planner,,,
out_of_order_reports-C04,PPO-MLP seed=1101/out_of_order_reports-C04,PPO-MLP seed=1101,5,5,1.0,1.0,0.0,0.8,5,1.002,0.0957540432856783,0.5,4,0,0,0.0,0,0.0,19.744834957055044,110.56979286843935,4.936208739263761,4,1.573525,0.0,4,2375,4,0,0.0,0.853290855884552,0.8088235294117647,,,10.717753872888338,129.31495722566936,1.002,out_of_order_reports,PPO-MLP,1101,results/random_event/minimum_validation_50k_2afa8ec/preliminary/runs/PPO-MLP/seed_1101/models/ppo_mlp_seed1101_step50000.pt,cc0d3d77d0d93ef7ae910b84795405d0bb50811317eb5f310c031d709d30b4e5
out_of_order_reports-C04,GPPO-Adaptive seed=1101/out_of_order_reports-C04,GPPO-Adaptive seed=1101,5,5,1.0,1.0,0.0,1.0,5,1.002,0.13668042024541294,0.375,5,0,0,0.0,0,0.0,19.67161165235168,106.04672168098165,3.934322330470336,5,12.02968,0.0,4,2375,5,1,0.2,0.9374875664710999,0.8235294117647058,0.4603386024634043,0.010256639601551149,7.571309988662151,77.7767640633375,1.002,out_of_order_reports,GPPO-Adaptive,1101,results/random_event/minimum_validation_50k_2afa8ec/preliminary/runs/GPPO-Adaptive/seed_1101/models/gppo_adaptive_seed1101_step50000.pt,2f378fc0d7bf6c23dc97402a9f8d0c1e20a5aa7f4a698e32a7ede0d494980b88
out_of_order_reports-C04,PPO-MLP seed=2202/out_of_order_reports-C04,PPO-MLP seed=2202,5,5,1.0,1.0,0.0,0.8,5,1.002,0.0957540432856783,0.5,4,0,0,0.0,0,0.0,19.744834957055044,110.56979286843935,4.936208739263761,4,2.8237750000000004,0.0,4,2375,4,0,0.0,0.8548382967710495,0.8088235294117647,,,11.346050248162996,142.72309661317954,1.002,out_of_order_reports,PPO-MLP,2202,results/random_event/minimum_validation_50k_2afa8ec/preliminary/runs/PPO-MLP/seed_2202/models/ppo_mlp_seed2202_step50000.pt,c88d41a7f2ca7b0173303035d441bb1e3a0bdb09cf4776f9fa43dac1d64d4cf0
out_of_order_reports-C04,GPPO-Adaptive seed=2202/out_of_order_reports-C04,GPPO-Adaptive seed=2202,5,5,1.0,1.0,0.0,0.8,5,1.002,0.0957540432856783,0.5,4,0,0,0.0,0,0.0,19.744834957055044,110.56979286843935,4.936208739263761,4,14.206999999999999,0.0,4,2375,4,0,0.0,0.9073476791381836,0.8088235294117647,0.44040972863634426,0.020479118847232376,7.295622334497225,62.45766720902287,1.002,out_of_order_reports,GPPO-Adaptive,2202,results/random_event/minimum_validation_50k_2afa8ec/preliminary/runs/GPPO-Adaptive/seed_2202/models/gppo_adaptive_seed2202_step50000.pt,3350ddee817e440d673517141a3c5d42bcaaf8419c90730933e91e8514f3a33f
out_of_order_reports-C04,PPO-MLP seed=3303/out_of_order_reports-C04,PPO-MLP seed=3303,5,5,1.0,1.0,0.0,0.8,5,1.002,0.0957540432856783,0.5,4,0,0,0.0,0,0.0,19.744834957055044,110.56979286843935,4.936208739263761,4,2.612175,0.0,4,2375,4,0,0.0,0.8521899878978729,0.8088235294117647,,,10.426326737420808,126.8226351651015,1.002,out_of_order_reports,PPO-MLP,3303,results/random_event/minimum_validation_50k_2afa8ec/preliminary/runs/PPO-MLP/seed_3303/models/ppo_mlp_seed3303_step50000.pt,5fe8988e4980eccdff55ccc5d3cbb099ffd2dafa0ff1798b0ef41994113216e3
out_of_order_reports-C04,GPPO-Adaptive seed=3303/out_of_order_reports-C04,GPPO-Adaptive seed=3303,5,5,1.0,1.0,0.0,1.0,5,1.002,0.10311973892303816,0.375,5,0,0,0.0,0,0.0,19.74483495705504,105.83925565098879,3.948966991411008,5,10.069700000000001,0.0,4,2375,5,1,0.2,0.9294562697410583,0.8235294117647058,0.42859712292750674,0.010145930774269634,5.9741667010155055,55.13211321555258,1.002,out_of_order_reports,GPPO-Adaptive,3303,results/random_event/minimum_validation_50k_2afa8ec/preliminary/runs/GPPO-Adaptive/seed_3303/models/gppo_adaptive_seed3303_step50000.pt,595253bce8e56358e077b57e3ae9d56c7babaeb6e5a3539be3663c8bf7b0a3c0
out_of_order_reports-C04,Nearest Legal/out_of_order_reports-C04,Nearest Legal,5,5,1.0,1.0,0.0,0.8,5,1.002,0.0957540432856783,0.5,4,0,0,0.0,0,0.0,19.744834957055044,110.56979286843935,4.936208739263761,4,0.060275,0.0,4,2375,4,0,0.0,,0.8088235294117647,,,,,1.002,out_of_order_reports,Nearest Legal,,,
out_of_order_reports-C04,Min Load/out_of_order_reports-C04,Min Load,5,5,1.0,1.0,0.0,0.8,5,1.002,0.0957540432856783,0.5,4,0,0,0.0,0,0.0,19.744834957055044,110.56979286843935,4.936208739263761,4,0.1327,0.0,4,2375,4,0,0.0,,0.8088235294117647,,,,,1.002,out_of_order_reports,Min Load,,,
out_of_order_reports-C04,Greedy Cost/out_of_order_reports-C04,Greedy Cost,5,5,1.0,1.0,0.0,0.8,5,1.002,0.0957540432856783,0.5,4,0,0,0.0,0,0.0,19.744834957055044,110.56979286843935,4.936208739263761,4,4.904375,0.0,4,2375,4,0,0.0,,0.8088235294117647,,,,,1.002,out_of_order_reports,Greedy Cost,,,
out_of_order_reports-C04,Current-Pending Exact Planner/out_of_order_reports-C04,Current-Pending Exact Planner,5,5,1.0,1.0,0.0,0.8,5,1.002,0.0957540432856783,0.5,4,0,0,0.0,0,0.0,19.744834957055044,110.56979286843935,4.936208739263761,4,4.481625,0.0,4,2375,4,0,0.0,,0.8088235294117647,,,,,1.002,out_of_order_reports,Current-Pending Exact Planner,,,
out_of_order_reports-C05,PPO-MLP seed=1101/out_of_order_reports-C05,PPO-MLP seed=1101,5,5,1.0,1.0,0.0,0.8,5,0.0,0.11048543456039804,0.25,3,0,0,0.0,0,0.0,15.607686087252802,104.36871843353823,3.9019215218132004,4,1.488975,0.0,4,2377,4,0,0.0,0.8841628581285477,0.8529411764705882,,,8.891327131598665,88.2287263344202,0.0,out_of_order_reports,PPO-MLP,1101,results/random_event/minimum_validation_50k_2afa8ec/preliminary/runs/PPO-MLP/seed_1101/models/ppo_mlp_seed1101_step50000.pt,cc0d3d77d0d93ef7ae910b84795405d0bb50811317eb5f310c031d709d30b4e5
out_of_order_reports-C05,GPPO-Adaptive seed=1101/out_of_order_reports-C05,GPPO-Adaptive seed=1101,5,5,1.0,1.0,0.0,0.8,5,0.0,0.11048543456039804,0.25,3,0,0,0.0,0,0.0,15.607686087252802,104.36871843353823,3.9019215218132004,4,10.318100000000001,0.0,4,2377,4,0,0.0,0.8729733005166054,0.8529411764705882,0.4452891163527965,0.012320713044439682,9.411844480841829,98.1287247002653,0.0,out_of_order_reports,GPPO-Adaptive,1101,results/random_event/minimum_validation_50k_2afa8ec/preliminary/runs/GPPO-Adaptive/seed_1101/models/gppo_adaptive_seed1101_step50000.pt,2f378fc0d7bf6c23dc97402a9f8d0c1e20a5aa7f4a698e32a7ede0d494980b88
out_of_order_reports-C05,PPO-MLP seed=2202/out_of_order_reports-C05,PPO-MLP seed=2202,5,5,1.0,1.0,0.0,0.8,5,0.0,0.11048543456039804,0.25,3,0,0,0.0,0,0.0,15.607686087252802,104.36871843353823,3.9019215218132004,4,1.3427250000000002,0.0,4,2377,4,0,0.0,0.8802556842565536,0.8529411764705882,,,9.264620412200166,92.04965453022012,0.0,out_of_order_reports,PPO-MLP,2202,results/random_event/minimum_validation_50k_2afa8ec/preliminary/runs/PPO-MLP/seed_2202/models/ppo_mlp_seed2202_step50000.pt,c88d41a7f2ca7b0173303035d441bb1e3a0bdb09cf4776f9fa43dac1d64d4cf0
out_of_order_reports-C05,GPPO-Adaptive seed=2202/out_of_order_reports-C05,GPPO-Adaptive seed=2202,5,5,1.0,1.0,0.0,1.0,5,1.001,0.11227265201095857,0.375,5,0,0,0.0,0,0.0,20.213223304703362,105.87586730334047,4.042644660940672,5,12.7913,0.0,4,2377,5,1,0.2,0.918533456325531,0.8235294117647058,0.42971243386467295,0.020872928612216624,5.389107935599611,42.03031539397371,1.001,out_of_order_reports,GPPO-Adaptive,2202,results/random_event/minimum_validation_50k_2afa8ec/preliminary/runs/GPPO-Adaptive/seed_2202/models/gppo_adaptive_seed2202_step50000.pt,3350ddee817e440d673517141a3c5d42bcaaf8419c90730933e91e8514f3a33f
out_of_order_reports-C05,PPO-MLP seed=3303/out_of_order_reports-C05,PPO-MLP seed=3303,5,5,1.0,1.0,0.0,0.8,5,0.0,0.11048543456039804,0.25,3,0,0,0.0,0,0.0,15.607686087252802,104.36871843353823,3.9019215218132004,4,1.508075,0.0,4,2377,4,0,0.0,0.8775984644889832,0.8529411764705882,,,10.264730203955843,124.05623721548851,0.0,out_of_order_reports,PPO-MLP,3303,results/random_event/minimum_validation_50k_2afa8ec/preliminary/runs/PPO-MLP/seed_3303/models/ppo_mlp_seed3303_step50000.pt,5fe8988e4980eccdff55ccc5d3cbb099ffd2dafa0ff1798b0ef41994113216e3
out_of_order_reports-C05,GPPO-Adaptive seed=3303/out_of_order_reports-C05,GPPO-Adaptive seed=3303,5,5,1.0,1.0,0.0,0.8,5,0.0,0.11048543456039804,0.25,3,0,0,0.0,0,0.0,15.607686087252802,104.36871843353823,3.9019215218132004,4,19.072499999999998,0.0,4,2377,4,0,0.0,0.9113952964544296,0.8529411764705882,0.4312518797814846,0.01033323057205053,9.26759170374222,96.87136757719313,0.0,out_of_order_reports,GPPO-Adaptive,3303,results/random_event/minimum_validation_50k_2afa8ec/preliminary/runs/GPPO-Adaptive/seed_3303/models/gppo_adaptive_seed3303_step50000.pt,595253bce8e56358e077b57e3ae9d56c7babaeb6e5a3539be3663c8bf7b0a3c0
out_of_order_reports-C05,Nearest Legal/out_of_order_reports-C05,Nearest Legal,5,5,1.0,1.0,0.0,0.8,5,0.0,0.11048543456039804,1.25,3,0,0,0.0,0,0.0,13.607686087252802,110.36871843353823,3.4019215218132004,4,0.10872500000000002,0.0,4,2377,4,0,0.0,,0.8529411764705882,,,,,0.0,out_of_order_reports,Nearest Legal,,,
out_of_order_reports-C05,Min Load/out_of_order_reports-C05,Min Load,5,5,1.0,1.0,0.0,0.8,5,0.0,0.11048543456039804,0.25,3,0,0,0.0,0,0.0,15.607686087252802,104.36871843353823,3.9019215218132004,4,0.134525,0.0,4,2377,4,0,0.0,,0.8529411764705882,,,,,0.0,out_of_order_reports,Min Load,,,
out_of_order_reports-C05,Greedy Cost/out_of_order_reports-C05,Greedy Cost,5,5,1.0,1.0,0.0,0.8,5,0.0,0.11048543456039804,0.25,3,0,0,0.0,0,0.0,15.607686087252802,104.36871843353823,3.9019215218132004,4,4.01645,0.0,4,2377,4,0,0.0,,0.8529411764705882,,,,,0.0,out_of_order_reports,Greedy Cost,,,
out_of_order_reports-C05,Current-Pending Exact Planner/out_of_order_reports-C05,Current-Pending Exact Planner,5,5,1.0,1.0,0.0,0.8,5,0.0,0.11048543456039804,0.25,3,0,0,0.0,0,0.0,15.607686087252802,104.36871843353823,3.9019215218132004,4,2.7048000000000005,0.0,4,2377,4,0,0.0,,0.8529411764705882,,,,,0.0,out_of_order_reports,Current-Pending Exact Planner,,,
long_blind_burst-C00,PPO-MLP seed=1101/long_blind_burst-C00,PPO-MLP seed=1101,5,5,1.0,1.0,0.0,1.2,5,4.004,0.022097086912079608,0.25,6,0,0,0.0,0,0.0,9.41161165235168,116.68677669529663,1.5686019420586135,6,1.2538333333333334,0.0,4,2319,6,2,0.3333333333333333,0.7486242651939392,0.7058823529411763,,,12.384223550168253,153.8121288882592,4.004,long_blind_burst,PPO-MLP,1101,results/random_event/minimum_validation_50k_2afa8ec/preliminary/runs/PPO-MLP/seed_1101/models/ppo_mlp_seed1101_step50000.pt,cc0d3d77d0d93ef7ae910b84795405d0bb50811317eb5f310c031d709d30b4e5
long_blind_burst-C00,GPPO-Adaptive seed=1101/long_blind_burst-C00,GPPO-Adaptive seed=1101,5,5,1.0,1.0,0.0,1.2,5,4.004,0.022097086912079608,0.25,6,0,0,0.0,0,0.0,9.41161165235168,116.68677669529663,1.5686019420586135,6,12.044733333333333,0.0,4,2319,6,2,0.3333333333333333,0.8556747833887736,0.7058823529411763,0.48925256232420605,0.007682920138530891,11.422574927019653,130.7317245483456,4.004,long_blind_burst,GPPO-Adaptive,1101,results/random_event/minimum_validation_50k_2afa8ec/preliminary/runs/GPPO-Adaptive/seed_1101/models/gppo_adaptive_seed1101_step50000.pt,2f378fc0d7bf6c23dc97402a9f8d0c1e20a5aa7f4a698e32a7ede0d494980b88
long_blind_burst-C00,PPO-MLP seed=2202/long_blind_burst-C00,PPO-MLP seed=2202,5,5,1.0,1.0,0.0,1.2,5,4.004,0.022097086912079608,0.25,6,0,0,0.0,0,0.0,9.41161165235168,116.68677669529663,1.5686019420586135,6,1.292066666666667,0.0,4,2319,6,2,0.3333333333333333,0.7433274586995443,0.7058823529411763,,,13.97440807979065,195.65112775538924,4.004,long_blind_burst,PPO-MLP,2202,results/random_event/minimum_validation_50k_2afa8ec/preliminary/runs/PPO-MLP/seed_2202/models/ppo_mlp_seed2202_step50000.pt,c88d41a7f2ca7b0173303035d441bb1e3a0bdb09cf4776f9fa43dac1d64d4cf0
long_blind_burst-C00,GPPO-Adaptive seed=2202/long_blind_burst-C00,GPPO-Adaptive seed=2202,5,5,1.0,1.0,0.0,1.2,5,4.004,0.022097086912079608,0.25,6,0,0,0.0,0,0.0,9.41161165235168,116.68677669529663,1.5686019420586135,6,10.301933333333332,0.0,4,2319,6,2,0.3333333333333333,0.7456787625948588,0.7058823529411763,0.4612971949908468,0.021019258549906317,10.244956582394815,108.90364883440493,4.004,long_blind_burst,GPPO-Adaptive,2202,results/random_event/minimum_validation_50k_2afa8ec/preliminary/runs/GPPO-Adaptive/seed_2202/models/gppo_adaptive_seed2202_step50000.pt,3350ddee817e440d673517141a3c5d42bcaaf8419c90730933e91e8514f3a33f
long_blind_burst-C00,PPO-MLP seed=3303/long_blind_burst-C00,PPO-MLP seed=3303,5,5,1.0,1.0,0.0,1.2,5,4.004,0.022097086912079608,0.25,6,0,0,0.0,0,0.0,9.41161165235168,116.68677669529663,1.5686019420586135,6,1.8482,0.0,4,2319,6,2,0.3333333333333333,0.741177519162496,0.7058823529411763,,,15.033149331418253,226.24759470461132,4.004,long_blind_burst,PPO-MLP,3303,results/random_event/minimum_validation_50k_2afa8ec/preliminary/runs/PPO-MLP/seed_3303/models/ppo_mlp_seed3303_step50000.pt,5fe8988e4980eccdff55ccc5d3cbb099ffd2dafa0ff1798b0ef41994113216e3
long_blind_burst-C00,GPPO-Adaptive seed=3303/long_blind_burst-C00,GPPO-Adaptive seed=3303,5,5,1.0,1.0,0.0,1.2,5,4.004,0.022097086912079608,0.25,6,0,0,0.0,0,0.0,9.41161165235168,116.68677669529663,1.5686019420586135,6,9.513933333333332,0.0,4,2319,6,2,0.3333333333333333,0.6606871883074442,0.7058823529411763,0.46173492901855046,0.004619947089855636,10.16795024236796,103.4455273998647,4.004,long_blind_burst,GPPO-Adaptive,3303,results/random_event/minimum_validation_50k_2afa8ec/preliminary/runs/GPPO-Adaptive/seed_3303/models/gppo_adaptive_seed3303_step50000.pt,595253bce8e56358e077b57e3ae9d56c7babaeb6e5a3539be3663c8bf7b0a3c0
long_blind_burst-C00,Nearest Legal/long_blind_burst-C00,Nearest Legal,5,5,1.0,1.0,0.0,1.2,5,4.004,0.022097086912079608,0.25,6,0,0,0.0,0,0.0,9.41161165235168,116.68677669529663,1.5686019420586135,6,0.13286666666666666,0.0,4,2319,6,2,0.3333333333333333,,0.7058823529411763,,,,,4.004,long_blind_burst,Nearest Legal,,,
long_blind_burst-C00,Min Load/long_blind_burst-C00,Min Load,5,5,1.0,1.0,0.0,1.2,5,4.004,0.022097086912079608,0.25,6,0,0,0.0,0,0.0,9.41161165235168,116.68677669529663,1.5686019420586135,6,0.09303333333333334,0.0,4,2319,6,2,0.3333333333333333,,0.7058823529411763,,,,,4.004,long_blind_burst,Min Load,,,
long_blind_burst-C00,Greedy Cost/long_blind_burst-C00,Greedy Cost,5,5,1.0,1.0,0.0,1.2,5,4.004,0.022097086912079608,0.25,6,0,0,0.0,0,0.0,9.41161165235168,116.68677669529663,1.5686019420586135,6,8.305000000000001,0.0,4,2319,6,2,0.3333333333333333,,0.7058823529411763,,,,,4.004,long_blind_burst,Greedy Cost,,,
long_blind_burst-C00,Current-Pending Exact Planner/long_blind_burst-C00,Current-Pending Exact Planner,5,5,1.0,1.0,0.0,1.2,5,4.004,0.022097086912079608,0.25,6,0,0,0.0,0,0.0,9.41161165235168,116.68677669529663,1.5686019420586135,6,8.795233333333334,0.0,4,2319,6,2,0.3333333333333333,,0.7058823529411763,,,,,4.004,long_blind_burst,Current-Pending Exact Planner,,,
long_blind_burst-C01,PPO-MLP seed=1101/long_blind_burst-C01,PPO-MLP seed=1101,5,5,1.0,1.0,0.0,1.6,5,4.004,0.044194173824159216,0.5,8,0,0,0.0,0,0.0,9.41161165235168,109.26516504294494,1.17645145654396,8,1.1084,0.0,4,2320,8,4,0.5,0.7777691185474396,0.7352941176470588,,,12.426948976528017,154.84833375094212,4.004,long_blind_burst,PPO-MLP,1101,results/random_event/minimum_validation_50k_2afa8ec/preliminary/runs/PPO-MLP/seed_1101/models/ppo_mlp_seed1101_step50000.pt,cc0d3d77d0d93ef7ae910b84795405d0bb50811317eb5f310c031d709d30b4e5
long_blind_burst-C01,GPPO-Adaptive seed=1101/long_blind_burst-C01,GPPO-Adaptive seed=1101,5,5,1.0,1.0,0.0,1.0,5,4.004,0.011048543456039804,0.125,5,0,0,0.0,0,0.0,9.41161165235168,120.39758252147247,1.8823223304703363,5,9.014280000000001,0.0,4,2320,5,1,0.2,0.824099326133728,0.6823529411764705,0.48623062272866563,0.008532942670499316,11.357246120457395,129.10535457668996,4.004,long_blind_burst,GPPO-Adaptive,1101,results/random_event/minimum_validation_50k_2afa8ec/preliminary/runs/GPPO-Adaptive/seed_1101/models/gppo_adaptive_seed1101_step50000.pt,2f378fc0d7bf6c23dc97402a9f8d0c1e20a5aa7f4a698e32a7ede0d494980b88
long_blind_burst-C01,PPO-MLP seed=2202/long_blind_burst-C01,PPO-MLP seed=2202,5,5,1.0,1.0,0.0,1.6,5,4.004,0.044194173824159216,0.5,8,0,0,0.0,0,0.0,9.41161165235168,109.26516504294494,1.17645145654396,8,1.1494499999999999,0.0,4,2320,8,4,0.5,0.7749611437320709,0.7352941176470588,,,13.059498739253847,170.95662997894857,4.004,long_blind_burst,PPO-MLP,2202,results/random_event/minimum_validation_50k_2afa8ec/preliminary/runs/PPO-MLP/seed_2202/models/ppo_mlp_seed2202_step50000.pt,c88d41a7f2ca7b0173303035d441bb1e3a0bdb09cf4776f9fa43dac1d64d4cf0
long_blind_burst-C01,GPPO-Adaptive seed=2202/long_blind_burst-C01,GPPO-Adaptive seed=2202,5,5,1.0,1.0,0.0,1.6,5,4.004,0.0625,0.5,8,0,0,0.0,0,0.0,9.375,109.375,1.171875,8,9.3064,0.0,4,2320,8,4,0.5,0.8489936888217926,0.7352941176470588,0.4544072827945153,0.022136096659234213,10.44548749923706,110.36378912874417,4.004,long_blind_burst,GPPO-Adaptive,2202,results/random_event/minimum_validation_50k_2afa8ec/preliminary/runs/GPPO-Adaptive/seed_2202/models/gppo_adaptive_seed2202_step50000.pt,3350ddee817e440d673517141a3c5d42bcaaf8419c90730933e91e8514f3a33f
long_blind_burst-C01,PPO-MLP seed=3303/long_blind_burst-C01,PPO-MLP seed=3303,5,5,1.0,1.0,0.0,1.6,5,4.004,0.044194173824159216,0.5,8,0,0,0.0,0,0.0,9.41161165235168,109.26516504294494,1.17645145654396,8,1.2899500000000002,0.0,4,2320,8,4,0.5,0.7728454172611237,0.7352941176470588,,,14.329085302364199,205.77840733444248,4.004,long_blind_burst,PPO-MLP,3303,results/random_event/minimum_validation_50k_2afa8ec/preliminary/runs/PPO-MLP/seed_3303/models/ppo_mlp_seed3303_step50000.pt,5fe8988e4980eccdff55ccc5d3cbb099ffd2dafa0ff1798b0ef41994113216e3
long_blind_burst-C01,GPPO-Adaptive seed=3303/long_blind_burst-C01,GPPO-Adaptive seed=3303,5,5,1.0,1.0,0.0,1.6,5,4.004,0.044194173824159216,0.5,8,0,0,0.0,0,0.0,9.41161165235168,109.26516504294494,1.17645145654396,8,12.10195,0.0,4,2320,8,4,0.5,0.7912577390670776,0.7352941176470588,0.4555005853374799,0.005413173901579909,9.540639829646913,91.14693565638359,4.004,long_blind_burst,GPPO-Adaptive,3303,results/random_event/minimum_validation_50k_2afa8ec/preliminary/runs/GPPO-Adaptive/seed_3303/models/gppo_adaptive_seed3303_step50000.pt,595253bce8e56358e077b57e3ae9d56c7babaeb6e5a3539be3663c8bf7b0a3c0
long_blind_burst-C01,Nearest Legal/long_blind_burst-C01,Nearest Legal,5,5,1.0,1.0,0.0,1.6,5,4.004,0.044194173824159216,0.5,8,0,0,0.0,0,0.0,9.41161165235168,109.26516504294494,1.17645145654396,8,0.06565,0.0,4,2320,8,4,0.5,,0.7352941176470588,,,,,4.004,long_blind_burst,Nearest Legal,,,
long_blind_burst-C01,Min Load/long_blind_burst-C01,Min Load,5,5,1.0,1.0,0.0,1.6,5,4.004,0.044194173824159216,0.5,8,0,0,0.0,0,0.0,9.41161165235168,109.26516504294494,1.17645145654396,8,0.07665,0.0,4,2320,8,4,0.5,,0.7352941176470588,,,,,4.004,long_blind_burst,Min Load,,,
long_blind_burst-C01,Greedy Cost/long_blind_burst-C01,Greedy Cost,5,5,1.0,1.0,0.0,1.6,5,4.004,0.044194173824159216,0.5,8,0,0,0.0,0,0.0,9.41161165235168,109.26516504294494,1.17645145654396,8,5.8142,0.0,4,2320,8,4,0.5,,0.7352941176470588,,,,,4.004,long_blind_burst,Greedy Cost,,,
long_blind_burst-C01,Current-Pending Exact Planner/long_blind_burst-C01,Current-Pending Exact Planner,5,5,1.0,1.0,0.0,1.6,5,4.004,0.044194173824159216,0.5,8,0,0,0.0,0,0.0,9.41161165235168,109.26516504294494,1.17645145654396,8,9.41855,0.0,4,2320,8,4,0.5,,0.7352941176470588,,,,,4.004,long_blind_burst,Current-Pending Exact Planner,,,
long_blind_burst-C02,PPO-MLP seed=1101/long_blind_burst-C02,PPO-MLP seed=1101,5,5,1.0,1.0,0.0,1.8,5,11.013999999999998,0.014731391274719738,0.7083333333333333,9,0,0,0.0,0,0.0,14.16161165235168,125.75064724608053,1.5735124058168535,9,2.989177777777778,0.0,4,2314,9,5,0.5555555555555556,0.6445592376920912,0.607843137254902,,,14.81324803246894,225.1658898365198,11.013999999999998,long_blind_burst,PPO-MLP,1101,results/random_event/minimum_validation_50k_2afa8ec/preliminary/runs/PPO-MLP/seed_1101/models/ppo_mlp_seed1101_step50000.pt,cc0d3d77d0d93ef7ae910b84795405d0bb50811317eb5f310c031d709d30b4e5
long_blind_burst-C02,GPPO-Adaptive seed=1101/long_blind_burst-C02,GPPO-Adaptive seed=1101,5,5,1.0,1.0,0.0,1.8,5,11.014,0.014731391274719738,0.7083333333333333,9,0,0,0.0,0,0.0,14.16161165235168,125.75064724608052,1.5735124058168535,9,12.073044444444445,0.0,4,2314,9,5,0.5555555555555556,0.844545304775238,0.607843137254902,0.4960381007856793,0.012786616658928614,13.461298764551733,192.39627720001624,11.014,long_blind_burst,GPPO-Adaptive,1101,results/random_event/minimum_validation_50k_2afa8ec/preliminary/runs/GPPO-Adaptive/seed_1101/models/gppo_adaptive_seed1101_step50000.pt,2f378fc0d7bf6c23dc97402a9f8d0c1e20a5aa7f4a698e32a7ede0d494980b88
long_blind_burst-C02,PPO-MLP seed=2202/long_blind_burst-C02,PPO-MLP seed=2202,5,5,1.0,1.0,0.0,1.8,5,11.013999999999998,0.014731391274719738,0.7083333333333333,9,0,0,0.0,0,0.0,14.16161165235168,125.75064724608053,1.5735124058168535,9,1.781477777777778,0.0,4,2314,9,5,0.5555555555555556,0.6300638715426127,0.607843137254902,,,14.467600856362168,213.29652229828264,11.013999999999998,long_blind_burst,PPO-MLP,2202,results/random_event/minimum_validation_50k_2afa8ec/preliminary/runs/PPO-MLP/seed_2202/models/ppo_mlp_seed2202_step50000.pt,c88d41a7f2ca7b0173303035d441bb1e3a0bdb09cf4776f9fa43dac1d64d4cf0
long_blind_burst-C02,GPPO-Adaptive seed=2202/long_blind_burst-C02,GPPO-Adaptive seed=2202,5,5,1.0,1.0,0.0,1.8,5,11.014,0.014731391274719738,0.7083333333333333,9,0,0,0.0,0,0.0,14.16161165235168,125.75064724608052,1.5735124058168535,9,16.048933333333334,0.0,4,2314,9,5,0.5555555555555556,0.6608586774932014,0.607843137254902,0.46607907433752666,0.02859194647508327,12.478046345185952,178.9388720423393,11.014,long_blind_burst,GPPO-Adaptive,2202,results/random_event/minimum_validation_50k_2afa8ec/preliminary/runs/GPPO-Adaptive/seed_2202/models/gppo_adaptive_seed2202_step50000.pt,3350ddee817e440d673517141a3c5d42bcaaf8419c90730933e91e8514f3a33f
long_blind_burst-C02,PPO-MLP seed=3303/long_blind_burst-C02,PPO-MLP seed=3303,5,5,1.0,1.0,0.0,1.8,5,11.013999999999998,0.014731391274719738,0.7083333333333333,9,0,0,0.0,0,0.0,14.16161165235168,125.75064724608053,1.5735124058168535,9,3.3693666666666666,0.0,4,2314,9,5,0.5555555555555556,0.6291129655308194,0.607843137254902,,,16.008114636744114,259.30853707106047,11.013999999999998,long_blind_burst,PPO-MLP,3303,results/random_event/minimum_validation_50k_2afa8ec/preliminary/runs/PPO-MLP/seed_3303/models/ppo_mlp_seed3303_step50000.pt,5fe8988e4980eccdff55ccc5d3cbb099ffd2dafa0ff1798b0ef41994113216e3
long_blind_burst-C02,GPPO-Adaptive seed=3303/long_blind_burst-C02,GPPO-Adaptive seed=3303,5,5,1.0,1.0,0.0,1.8,5,11.014,0.014731391274719738,0.7083333333333333,9,0,0,0.0,0,0.0,14.16161165235168,125.75064724608052,1.5735124058168535,9,16.92227777777778,0.0,4,2314,9,5,0.5555555555555556,0.5419801076253256,0.607843137254902,0.46359387647222594,0.010088365568897287,12.079703470870903,158.5525468605289,11.014,long_blind_burst,GPPO-Adaptive,3303,results/random_event/minimum_validation_50k_2afa8ec/preliminary/runs/GPPO-Adaptive/seed_3303/models/gppo_adaptive_seed3303_step50000.pt,595253bce8e56358e077b57e3ae9d56c7babaeb6e5a3539be3663c8bf7b0a3c0
long_blind_burst-C02,Nearest Legal/long_blind_burst-C02,Nearest Legal,5,5,1.0,1.0,0.0,1.8,5,11.013999999999998,0.014731391274719738,0.7083333333333333,9,0,0,0.0,0,0.0,14.16161165235168,125.75064724608053,1.5735124058168535,9,0.12385555555555555,0.0,4,2314,9,5,0.5555555555555556,,0.607843137254902,,,,,11.013999999999998,long_blind_burst,Nearest Legal,,,
long_blind_burst-C02,Min Load/long_blind_burst-C02,Min Load,5,5,1.0,1.0,0.0,1.8,5,11.013999999999998,0.014731391274719738,0.7083333333333333,9,0,0,0.0,0,0.0,14.16161165235168,125.75064724608053,1.5735124058168535,9,0.10398888888888888,0.0,4,2314,9,5,0.5555555555555556,,0.607843137254902,,,,,11.013999999999998,long_blind_burst,Min Load,,,
long_blind_burst-C02,Greedy Cost/long_blind_burst-C02,Greedy Cost,5,5,1.0,1.0,0.0,1.6,5,11.013999999999998,0.007365695637359869,0.6666666666666666,8,0,0,0.0,0,0.0,14.16161165235168,129.8145177968644,1.77020145654396,8,11.6108875,0.0,4,2314,8,4,0.5,,0.5808823529411765,,,,,11.013999999999998,long_blind_burst,Greedy Cost,,,
long_blind_burst-C02,Current-Pending Exact Planner/long_blind_burst-C02,Current-Pending Exact Planner,5,5,1.0,1.0,0.0,1.6,5,11.013999999999998,0.14976914462631735,1.9166666666666667,8,0,0,0.0,0,0.0,14.16161165235168,135.38413159282027,1.77020145654396,8,26.133537500000003,0.0,4,2314,8,4,0.5,,0.5808823529411765,,,,,11.013999999999998,long_blind_burst,Current-Pending Exact Planner,,,
long_blind_burst-C03,PPO-MLP seed=1101/long_blind_burst-C03,PPO-MLP seed=1101,5,5,1.0,1.0,0.0,2.0,5,12.015999999999998,0.014731391274719738,0.5833333333333333,10,0,0,0.0,0,0.0,14.16161165235168,121.00064724608053,1.416161165235168,10,1.5006799999999998,0.0,4,2320,10,6,0.6,0.6512435913085938,0.6117647058823529,,,15.378094417576538,240.31332393723315,12.015999999999998,long_blind_burst,PPO-MLP,1101,results/random_event/minimum_validation_50k_2afa8ec/preliminary/runs/PPO-MLP/seed_1101/models/ppo_mlp_seed1101_step50000.pt,cc0d3d77d0d93ef7ae910b84795405d0bb50811317eb5f310c031d709d30b4e5
long_blind_burst-C03,GPPO-Adaptive seed=1101/long_blind_burst-C03,GPPO-Adaptive seed=1101,5,5,1.0,1.0,0.0,1.6,5,11.013999999999998,0.007365695637359869,0.6666666666666666,8,0,0,0.0,0,0.0,14.16161165235168,129.8145177968644,1.77020145654396,8,11.8787,0.0,4,2320,8,4,0.5,0.8197096884250641,0.5808823529411765,0.5035921925057968,0.012281142101553656,14.158906123640975,209.7815739121566,11.013999999999998,long_blind_burst,GPPO-Adaptive,1101,results/random_event/minimum_validation_50k_2afa8ec/preliminary/runs/GPPO-Adaptive/seed_1101/models/gppo_adaptive_seed1101_step50000.pt,2f378fc0d7bf6c23dc97402a9f8d0c1e20a5aa7f4a698e32a7ede0d494980b88
long_blind_burst-C03,PPO-MLP seed=2202/long_blind_burst-C03,PPO-MLP seed=2202,5,5,1.0,1.0,0.0,2.0,5,12.015999999999998,0.014731391274719738,0.5833333333333333,10,0,0,0.0,0,0.0,14.16161165235168,121.00064724608053,1.416161165235168,10,2.3144599999999995,0.0,4,2320,10,6,0.6,0.6401695847511292,0.6117647058823529,,,15.37431557846521,239.93616732212763,12.015999999999998,long_blind_burst,PPO-MLP,2202,results/random_event/minimum_validation_50k_2afa8ec/preliminary/runs/PPO-MLP/seed_2202/models/ppo_mlp_seed2202_step50000.pt,c88d41a7f2ca7b0173303035d441bb1e3a0bdb09cf4776f9fa43dac1d64d4cf0
long_blind_burst-C03,GPPO-Adaptive seed=2202/long_blind_burst-C03,GPPO-Adaptive seed=2202,5,5,1.0,1.0,0.0,1.6,5,11.013999999999998,0.007365695637359869,0.6666666666666666,8,0,0,0.0,0,0.0,14.16161165235168,129.8145177968644,1.77020145654396,8,12.165374999999997,0.0,4,2320,8,4,0.5,0.6260190010070801,0.5808823529411765,0.4790168643618623,0.02776411786040537,13.810322782996138,208.54854911843037,11.013999999999998,long_blind_burst,GPPO-Adaptive,2202,results/random_event/minimum_validation_50k_2afa8ec/preliminary/runs/GPPO-Adaptive/seed_2202/models/gppo_adaptive_seed2202_step50000.pt,3350ddee817e440d673517141a3c5d42bcaaf8419c90730933e91e8514f3a33f
long_blind_burst-C03,PPO-MLP seed=3303/long_blind_burst-C03,PPO-MLP seed=3303,5,5,1.0,1.0,0.0,2.0,5,12.015999999999998,0.014731391274719738,0.5833333333333333,10,0,0,0.0,0,0.0,14.16161165235168,121.00064724608053,1.416161165235168,10,1.7294800000000001,0.0,4,2320,10,6,0.6,0.6374016046524048,0.6117647058823529,,,16.073683101658567,260.65906469519916,12.015999999999998,long_blind_burst,PPO-MLP,3303,results/random_event/minimum_validation_50k_2afa8ec/preliminary/runs/PPO-MLP/seed_3303/models/ppo_mlp_seed3303_step50000.pt,5fe8988e4980eccdff55ccc5d3cbb099ffd2dafa0ff1798b0ef41994113216e3
long_blind_burst-C03,GPPO-Adaptive seed=3303/long_blind_burst-C03,GPPO-Adaptive seed=3303,5,5,1.0,1.0,0.0,1.6,5,11.013999999999998,0.007365695637359869,0.6666666666666666,8,0,0,0.0,0,0.0,14.16161165235168,129.8145177968644,1.77020145654396,8,16.7793875,0.0,4,2320,8,4,0.5,0.4919378235936165,0.5808823529411765,0.4716893068204323,0.008514971284918878,13.139307997229537,181.51932518348752,11.013999999999998,long_blind_burst,GPPO-Adaptive,3303,results/random_event/minimum_validation_50k_2afa8ec/preliminary/runs/GPPO-Adaptive/seed_3303/models/gppo_adaptive_seed3303_step50000.pt,595253bce8e56358e077b57e3ae9d56c7babaeb6e5a3539be3663c8bf7b0a3c0
long_blind_burst-C03,Nearest Legal/long_blind_burst-C03,Nearest Legal,5,5,1.0,1.0,0.0,2.0,5,12.015999999999998,0.014731391274719738,0.5833333333333333,10,0,0,0.0,0,0.0,14.16161165235168,121.00064724608053,1.416161165235168,10,0.15006,0.0,4,2320,10,6,0.6,,0.6117647058823529,,,,,12.015999999999998,long_blind_burst,Nearest Legal,,,
long_blind_burst-C03,Min Load/long_blind_burst-C03,Min Load,5,5,1.0,1.0,0.0,2.0,5,12.015999999999998,0.014731391274719738,0.5833333333333333,10,0,0,0.0,0,0.0,14.16161165235168,121.00064724608053,1.416161165235168,10,0.13766000000000003,0.0,4,2320,10,6,0.6,,0.6117647058823529,,,,,12.015999999999998,long_blind_burst,Min Load,,,
long_blind_burst-C03,Greedy Cost/long_blind_burst-C03,Greedy Cost,5,5,1.0,1.0,0.0,2.0,5,12.015999999999998,0.014731391274719738,0.5833333333333333,10,0,0,0.0,0,0.0,14.16161165235168,121.00064724608052,1.416161165235168,10,13.03786,0.0,4,2320,10,6,0.6,,0.611764705882353,,,,,12.015999999999998,long_blind_burst,Greedy Cost,,,
long_blind_burst-C03,Current-Pending Exact Planner/long_blind_burst-C03,Current-Pending Exact Planner,5,5,1.0,1.0,0.0,2.0,5,12.015999999999998,0.06383602885711886,1.4166666666666665,10,0,0,0.0,0,0.0,14.16161165235168,124.53039912974346,1.416161165235168,10,24.498319999999996,0.0,4,2320,10,6,0.6,,0.611764705882353,,,,,12.015999999999998,long_blind_burst,Current-Pending Exact Planner,,,
long_blind_burst-C04,PPO-MLP seed=1101/long_blind_burst-C04,PPO-MLP seed=1101,5,5,1.0,1.0,0.0,2.0,5,20.03,0.005524271728019902,0.8541666666666666,10,0,0,0.0,0,0.0,17.91161165235168,142.07715210122706,1.791161165235168,10,3.80649,0.0,4,2313,10,6,0.6,0.49356270432472227,0.47058823529411764,,,16.54624278068768,282.78021314517156,20.03,long_blind_burst,PPO-MLP,1101,results/random_event/minimum_validation_50k_2afa8ec/preliminary/runs/PPO-MLP/seed_1101/models/ppo_mlp_seed1101_step50000.pt,cc0d3d77d0d93ef7ae910b84795405d0bb50811317eb5f310c031d709d30b4e5
long_blind_burst-C04,GPPO-Adaptive seed=1101/long_blind_burst-C04,GPPO-Adaptive seed=1101,5,5,1.0,1.0,0.0,2.0,5,20.03,0.005524271728019902,0.8541666666666666,10,0,0,0.0,0,0.0,17.91161165235168,142.07715210122706,1.791161165235168,10,10.704489999999998,0.0,4,2313,10,6,0.6,0.7477812051773072,0.47058823529411764,0.5150769000252088,0.020843049883835,15.967526311876645,272.9380187458799,20.03,long_blind_burst,GPPO-Adaptive,1101,results/random_event/minimum_validation_50k_2afa8ec/preliminary/runs/GPPO-Adaptive/seed_1101/models/gppo_adaptive_seed1101_step50000.pt,2f378fc0d7bf6c23dc97402a9f8d0c1e20a5aa7f4a698e32a7ede0d494980b88
long_blind_burst-C04,PPO-MLP seed=2202/long_blind_burst-C04,PPO-MLP seed=2202,5,5,1.0,1.0,0.0,2.0,5,20.03,0.005524271728019902,0.8541666666666666,10,0,0,0.0,0,0.0,17.91161165235168,142.07715210122706,1.791161165235168,10,1.6426200000000002,0.0,4,2313,10,6,0.6,0.47465130090713503,0.47058823529411764,,,16.652444334032406,285.2466194529683,20.03,long_blind_burst,PPO-MLP,2202,results/random_event/minimum_validation_50k_2afa8ec/preliminary/runs/PPO-MLP/seed_2202/models/ppo_mlp_seed2202_step50000.pt,c88d41a7f2ca7b0173303035d441bb1e3a0bdb09cf4776f9fa43dac1d64d4cf0
long_blind_burst-C04,GPPO-Adaptive seed=2202/long_blind_burst-C04,GPPO-Adaptive seed=2202,5,5,1.0,1.0,0.0,2.0,5,20.03,0.005524271728019902,0.8541666666666666,10,0,0,0.0,0,0.0,17.91161165235168,142.07715210122706,1.791161165235168,10,12.539980000000002,0.0,4,2313,10,6,0.6,0.49575852453708646,0.47058823529411764,0.48793661035597313,0.03643754893492143,16.210412569048277,288.30163945147035,20.03,long_blind_burst,GPPO-Adaptive,2202,results/random_event/minimum_validation_50k_2afa8ec/preliminary/runs/GPPO-Adaptive/seed_2202/models/gppo_adaptive_seed2202_step50000.pt,3350ddee817e440d673517141a3c5d42bcaaf8419c90730933e91e8514f3a33f
long_blind_burst-C04,PPO-MLP seed=3303/long_blind_burst-C04,PPO-MLP seed=3303,5,5,1.0,1.0,0.0,2.0,5,20.03,0.005524271728019902,0.8541666666666666,10,0,0,0.0,0,0.0,17.91161165235168,142.07715210122706,1.791161165235168,10,1.35528,0.0,4,2313,10,6,0.6,0.4726086646318436,0.47058823529411764,,,17.21049868583905,301.2705838823807,20.03,long_blind_burst,PPO-MLP,3303,results/random_event/minimum_validation_50k_2afa8ec/preliminary/runs/PPO-MLP/seed_3303/models/ppo_mlp_seed3303_step50000.pt,5fe8988e4980eccdff55ccc5d3cbb099ffd2dafa0ff1798b0ef41994113216e3
long_blind_burst-C04,GPPO-Adaptive seed=3303/long_blind_burst-C04,GPPO-Adaptive seed=3303,5,5,1.0,1.0,0.0,2.0,5,20.03,0.005524271728019902,0.8541666666666666,10,0,0,0.0,0,0.0,17.91161165235168,142.07715210122706,1.791161165235168,10,11.402280000000001,0.0,4,2313,10,6,0.6,0.33725580871105193,0.47058823529411764,0.476751321554184,0.01895082449266265,15.309533662798277,257.3508266687285,20.03,long_blind_burst,GPPO-Adaptive,3303,results/random_event/minimum_validation_50k_2afa8ec/preliminary/runs/GPPO-Adaptive/seed_3303/models/gppo_adaptive_seed3303_step50000.pt,595253bce8e56358e077b57e3ae9d56c7babaeb6e5a3539be3663c8bf7b0a3c0
long_blind_burst-C04,Nearest Legal/long_blind_burst-C04,Nearest Legal,5,5,1.0,1.0,0.0,2.0,5,20.03,0.005524271728019902,0.8541666666666666,10,0,0,0.0,0,0.0,17.91161165235168,142.07715210122706,1.791161165235168,10,0.07374,0.0,4,2313,10,6,0.6,,0.47058823529411764,,,,,20.03,long_blind_burst,Nearest Legal,,,
long_blind_burst-C04,Min Load/long_blind_burst-C04,Min Load,5,5,1.0,1.0,0.0,2.0,5,20.03,0.005524271728019902,0.8541666666666666,10,0,0,0.0,0,0.0,17.91161165235168,142.07715210122706,1.791161165235168,10,0.17059,0.0,4,2313,10,6,0.6,,0.47058823529411764,,,,,20.03,long_blind_burst,Min Load,,,
long_blind_burst-C04,Greedy Cost/long_blind_burst-C04,Greedy Cost,5,5,1.0,1.0,0.0,2.0,5,20.03,0.005524271728019902,0.8541666666666666,10,0,0,0.0,0,0.0,17.91161165235168,142.07715210122706,1.791161165235168,10,14.48875,0.0,4,2313,10,6,0.6,,0.47058823529411764,,,,,20.03,long_blind_burst,Greedy Cost,,,
long_blind_burst-C04,Current-Pending Exact Planner/long_blind_burst-C04,Current-Pending Exact Planner,5,5,1.0,1.0,0.0,2.0,5,20.03,0.07058791652469874,1.4166666666666667,10,0,0,0.0,0,0.0,17.91161165235168,144.58740668041378,1.791161165235168,10,70.61096,0.0,4,2313,10,6,0.6,,0.47058823529411764,,,,,20.03,long_blind_burst,Current-Pending Exact Planner,,,
long_blind_burst-C05,PPO-MLP seed=1101/long_blind_burst-C05,PPO-MLP seed=1101,5,5,1.0,1.0,0.0,1.6,5,11.013999999999998,0.007365695637359869,0.6666666666666666,8,0,0,0.0,0,0.0,14.16161165235168,129.8145177968644,1.77020145654396,8,1.1976,0.0,4,2314,8,4,0.5,0.6169700399041176,0.5808823529411765,,,15.412948033812484,242.32398912781258,11.013999999999998,long_blind_burst,PPO-MLP,1101,results/random_event/minimum_validation_50k_2afa8ec/preliminary/runs/PPO-MLP/seed_1101/models/ppo_mlp_seed1101_step50000.pt,cc0d3d77d0d93ef7ae910b84795405d0bb50811317eb5f310c031d709d30b4e5
long_blind_burst-C05,GPPO-Adaptive seed=1101/long_blind_burst-C05,GPPO-Adaptive seed=1101,5,5,1.0,1.0,0.0,1.4,5,10.011999999999997,0.007365695637359869,0.7916666666666666,7,0,0,0.0,0,0.0,14.16161165235168,134.5645177968644,2.023087378907383,7,8.377942857142859,0.0,4,2314,7,3,0.42857142857142855,0.8050478526524135,0.5714285714285714,0.5036851032858803,0.013197374764190811,14.669917812350636,224.95839150875779,10.011999999999997,long_blind_burst,GPPO-Adaptive,1101,results/random_event/minimum_validation_50k_2afa8ec/preliminary/runs/GPPO-Adaptive/seed_1101/models/gppo_adaptive_seed1101_step50000.pt,2f378fc0d7bf6c23dc97402a9f8d0c1e20a5aa7f4a698e32a7ede0d494980b88
long_blind_burst-C05,PPO-MLP seed=2202/long_blind_burst-C05,PPO-MLP seed=2202,5,5,1.0,1.0,0.0,1.6,5,11.013999999999998,0.007365695637359869,0.6666666666666666,8,0,0,0.0,0,0.0,14.16161165235168,129.8145177968644,1.77020145654396,8,1.2298874999999998,0.0,4,2314,8,4,0.5,0.599952757358551,0.5808823529411765,,,15.04484071493431,229.98232500102247,11.013999999999998,long_blind_burst,PPO-MLP,2202,results/random_event/minimum_validation_50k_2afa8ec/preliminary/runs/PPO-MLP/seed_2202/models/ppo_mlp_seed2202_step50000.pt,c88d41a7f2ca7b0173303035d441bb1e3a0bdb09cf4776f9fa43dac1d64d4cf0
long_blind_burst-C05,GPPO-Adaptive seed=2202/long_blind_burst-C05,GPPO-Adaptive seed=2202,5,5,1.0,1.0,0.0,1.4,5,10.011999999999997,0.007365695637359869,0.7916666666666666,7,0,0,0.0,0,0.0,14.16161165235168,134.5645177968644,2.023087378907383,7,11.532528571428571,0.0,4,2314,7,3,0.42857142857142855,0.6117651632853917,0.5714285714285714,0.47304590365716387,0.029992358180417785,14.07780922208836,219.04545749772768,10.011999999999997,long_blind_burst,GPPO-Adaptive,2202,results/random_event/minimum_validation_50k_2afa8ec/preliminary/runs/GPPO-Adaptive/seed_2202/models/gppo_adaptive_seed2202_step50000.pt,3350ddee817e440d673517141a3c5d42bcaaf8419c90730933e91e8514f3a33f
long_blind_burst-C05,PPO-MLP seed=3303/long_blind_burst-C05,PPO-MLP seed=3303,5,5,1.0,1.0,0.0,1.6,5,11.013999999999998,0.007365695637359869,0.6666666666666666,8,0,0,0.0,0,0.0,14.16161165235168,129.8145177968644,1.77020145654396,8,1.6017625,0.0,4,2314,8,4,0.5,0.5992080196738243,0.5808823529411765,,,16.44536366224571,272.63731271491974,11.013999999999998,long_blind_burst,PPO-MLP,3303,results/random_event/minimum_validation_50k_2afa8ec/preliminary/runs/PPO-MLP/seed_3303/models/ppo_mlp_seed3303_step50000.pt,5fe8988e4980eccdff55ccc5d3cbb099ffd2dafa0ff1798b0ef41994113216e3
long_blind_burst-C05,GPPO-Adaptive seed=3303/long_blind_burst-C05,GPPO-Adaptive seed=3303,5,5,1.0,1.0,0.0,1.4,5,10.011999999999997,0.007365695637359869,0.7916666666666666,7,0,0,0.0,0,0.0,14.16161165235168,134.5645177968644,2.023087378907383,7,8.672942857142857,0.0,4,2314,7,3,0.42857142857142855,0.4802606872149876,0.5714285714285714,0.4722739862544196,0.01041505569159854,13.660045103348823,196.89853570330683,10.011999999999997,long_blind_burst,GPPO-Adaptive,3303,results/random_event/minimum_validation_50k_2afa8ec/preliminary/runs/GPPO-Adaptive/seed_3303/models/gppo_adaptive_seed3303_step50000.pt,595253bce8e56358e077b57e3ae9d56c7babaeb6e5a3539be3663c8bf7b0a3c0
long_blind_burst-C05,Nearest Legal/long_blind_burst-C05,Nearest Legal,5,5,1.0,1.0,0.0,1.6,5,11.013999999999998,0.007365695637359869,0.6666666666666666,8,0,0,0.0,0,0.0,14.16161165235168,129.8145177968644,1.77020145654396,8,0.0720625,0.0,4,2314,8,4,0.5,,0.5808823529411765,,,,,11.013999999999998,long_blind_burst,Nearest Legal,,,
long_blind_burst-C05,Min Load/long_blind_burst-C05,Min Load,5,5,1.0,1.0,0.0,1.6,5,11.013999999999998,0.007365695637359869,0.6666666666666666,8,0,0,0.0,0,0.0,14.16161165235168,129.8145177968644,1.77020145654396,8,0.1007625,0.0,4,2314,8,4,0.5,,0.5808823529411765,,,,,11.013999999999998,long_blind_burst,Min Load,,,
long_blind_burst-C05,Greedy Cost/long_blind_burst-C05,Greedy Cost,5,5,1.0,1.0,0.0,1.8,5,11.013999999999998,0.014731391274719738,0.7083333333333333,9,0,0,0.0,0,0.0,14.16161165235168,125.75064724608052,1.5735124058168535,9,10.0838,0.0,4,2314,9,5,0.5555555555555556,,0.607843137254902,,,,,11.013999999999998,long_blind_burst,Greedy Cost,,,
long_blind_burst-C05,Current-Pending Exact Planner/long_blind_burst-C05,Current-Pending Exact Planner,5,5,1.0,1.0,0.0,1.8,5,11.013999999999998,0.14485868086807743,1.8333333333333335,9,0,0,0.0,0,0.0,14.16161165235168,130.77115640445396,1.5735124058168535,9,19.7573,0.0,4,2314,9,5,0.5555555555555556,,0.607843137254902,,,,,11.013999999999998,long_blind_burst,Current-Pending Exact Planner,,,
task_churn-C00,PPO-MLP seed=1101/task_churn-C00,PPO-MLP seed=1101,5,5,1.0,1.0,0.0,1.4,5,2.002,0.029462782549439476,0.8333333333333334,4,0,0,0.0,0,0.0,14.66661165235168,211.29338834764832,3.66665291308792,4,1.13355,466.6666666666667,3,1731,4,1,0.25,0.6676921993494034,0.6617647058823528,,,9.172416453367159,114.32665791835826,2.002,task_churn,PPO-MLP,1101,results/random_event/minimum_validation_50k_2afa8ec/preliminary/runs/PPO-MLP/seed_1101/models/ppo_mlp_seed1101_step50000.pt,cc0d3d77d0d93ef7ae910b84795405d0bb50811317eb5f310c031d709d30b4e5
task_churn-C00,GPPO-Adaptive seed=1101/task_churn-C00,GPPO-Adaptive seed=1101,5,5,1.0,1.0,0.0,1.6,5,2.004,0.029462782549439476,0.6666666666666666,5,0,0,0.0,0,0.0,14.66661165235168,206.53838834764832,2.933322330470336,5,8.92364,466.6666666666667,3,1731,5,2,0.4,0.5660559296607971,0.6823529411764705,0.45908612509568536,0.02261996314879843,8.117896297459351,103.20682564322279,2.004,task_churn,GPPO-Adaptive,1101,results/random_event/minimum_validation_50k_2afa8ec/preliminary/runs/GPPO-Adaptive/seed_1101/models/gppo_adaptive_seed1101_step50000.pt,2f378fc0d7bf6c23dc97402a9f8d0c1e20a5aa7f4a698e32a7ede0d494980b88
task_churn-C00,PPO-MLP seed=2202/task_churn-C00,PPO-MLP seed=2202,5,5,1.0,1.0,0.0,1.4,5,2.002,0.029462782549439476,0.8333333333333334,4,0,0,0.0,0,0.0,14.66661165235168,211.29338834764832,3.66665291308792,4,1.156725,466.6666666666667,3,1731,4,1,0.25,0.6627230048179626,0.6617647058823528,,,9.161133294111178,107.38091974030884,2.002,task_churn,PPO-MLP,2202,results/random_event/minimum_validation_50k_2afa8ec/preliminary/runs/PPO-MLP/seed_2202/models/ppo_mlp_seed2202_step50000.pt,c88d41a7f2ca7b0173303035d441bb1e3a0bdb09cf4776f9fa43dac1d64d4cf0
task_churn-C00,GPPO-Adaptive seed=2202/task_churn-C00,GPPO-Adaptive seed=2202,5,5,1.0,1.0,0.0,1.4,5,2.002,0.029462782549439476,0.8333333333333334,4,0,0,0.0,0,0.0,14.66661165235168,211.29338834764832,3.66665291308792,4,11.124525,466.6666666666667,3,1731,4,1,0.25,0.5063424408435822,0.6617647058823528,0.4463570465644201,0.025866633516322263,8.25188911438553,102.61576627784902,2.002,task_churn,GPPO-Adaptive,2202,results/random_event/minimum_validation_50k_2afa8ec/preliminary/runs/GPPO-Adaptive/seed_2202/models/gppo_adaptive_seed2202_step50000.pt,3350ddee817e440d673517141a3c5d42bcaaf8419c90730933e91e8514f3a33f
task_churn-C00,PPO-MLP seed=3303/task_churn-C00,PPO-MLP seed=3303,5,5,1.0,1.0,0.0,1.4,5,2.002,0.029462782549439476,0.8333333333333334,4,0,0,0.0,0,0.0,14.66661165235168,211.29338834764832,3.66665291308792,4,1.874825,466.6666666666667,3,1731,4,1,0.25,0.6638564765453339,0.6617647058823528,,,9.873570685392306,125.98744393429443,2.002,task_churn,PPO-MLP,3303,results/random_event/minimum_validation_50k_2afa8ec/preliminary/runs/PPO-MLP/seed_3303/models/ppo_mlp_seed3303_step50000.pt,5fe8988e4980eccdff55ccc5d3cbb099ffd2dafa0ff1798b0ef41994113216e3
task_churn-C00,GPPO-Adaptive seed=3303/task_churn-C00,GPPO-Adaptive seed=3303,5,5,1.0,1.0,0.0,1.4,5,2.002,0.029462782549439476,0.8333333333333334,4,0,0,0.0,0,0.0,14.66661165235168,211.29338834764832,3.66665291308792,4,12.215975,466.6666666666667,3,1731,4,1,0.25,0.6368587762117386,0.6617647058823528,0.44101893777648604,0.0182975477082154,7.998035674100801,104.98735765995616,2.002,task_churn,GPPO-Adaptive,3303,results/random_event/minimum_validation_50k_2afa8ec/preliminary/runs/GPPO-Adaptive/seed_3303/models/gppo_adaptive_seed3303_step50000.pt,595253bce8e56358e077b57e3ae9d56c7babaeb6e5a3539be3663c8bf7b0a3c0
task_churn-C00,Nearest Legal/task_churn-C00,Nearest Legal,5,5,1.0,1.0,0.0,1.4,5,2.002,0.044194173824159216,1.1666666666666667,4,0,0,0.0,0,0.0,12.57822330470336,216.51435921676912,3.14455582617584,4,0.07445,466.6666666666667,3,1731,4,1,0.25,,0.6617647058823528,,,,,2.002,task_churn,Nearest Legal,,,
task_churn-C00,Min Load/task_churn-C00,Min Load,5,5,1.0,1.0,0.0,1.4,5,2.002,0.029462782549439476,0.8333333333333334,4,0,0,0.0,0,0.0,14.66661165235168,211.29338834764832,3.66665291308792,4,0.08879999999999999,466.6666666666667,3,1731,4,1,0.25,,0.6617647058823528,,,,,2.002,task_churn,Min Load,,,
task_churn-C00,Greedy Cost/task_churn-C00,Greedy Cost,5,5,1.0,1.0,0.0,1.4,5,2.002,0.029462782549439476,0.8333333333333334,4,0,0,0.0,0,0.0,14.66661165235168,211.29338834764832,3.66665291308792,4,10.5395,466.6666666666667,3,1731,4,1,0.25,,0.6617647058823528,,,,,2.002,task_churn,Greedy Cost,,,
task_churn-C00,Current-Pending Exact Planner/task_churn-C00,Current-Pending Exact Planner,5,5,1.0,1.0,0.0,1.6,5,2.004,0.029462782549439476,0.6666666666666666,5,0,0,0.0,0,0.0,14.66661165235168,206.53838834764832,2.933322330470336,5,11.5447,466.6666666666667,3,1731,5,2,0.4,,0.6823529411764705,,,,,2.004,task_churn,Current-Pending Exact Planner,,,
task_churn-C01,PPO-MLP seed=1101/task_churn-C01,PPO-MLP seed=1101,5,5,1.0,1.0,0.0,1.2,5,0.0,0.08838834764831843,1.6666666666666667,3,0,0,0.0,0,0.0,8.441074434901122,212.3919417382416,2.813691478300374,3,1.1901333333333335,466.6666666666667,3,1726,3,0,0.0,0.7928644816080729,0.784313725490196,,,8.032066334620971,99.60635316532144,0.0,task_churn,PPO-MLP,1101,results/random_event/minimum_validation_50k_2afa8ec/preliminary/runs/PPO-MLP/seed_1101/models/ppo_mlp_seed1101_step50000.pt,cc0d3d77d0d93ef7ae910b84795405d0bb50811317eb5f310c031d709d30b4e5
task_churn-C01,GPPO-Adaptive seed=1101/task_churn-C01,GPPO-Adaptive seed=1101,5,5,1.0,1.0,0.0,1.2,5,0.0,0.08838834764831843,1.6666666666666667,3,0,0,0.0,0,0.0,8.441074434901122,212.3919417382416,2.813691478300374,3,8.919533333333334,466.6666666666667,3,1726,3,0,0.0,0.7033473054567972,0.784313725490196,0.4585451972153452,0.026678521539999056,9.29196229511088,128.50162658129844,0.0,task_churn,GPPO-Adaptive,1101,results/random_event/minimum_validation_50k_2afa8ec/preliminary/runs/GPPO-Adaptive/seed_1101/models/gppo_adaptive_seed1101_step50000.pt,2f378fc0d7bf6c23dc97402a9f8d0c1e20a5aa7f4a698e32a7ede0d494980b88
task_churn-C01,PPO-MLP seed=2202/task_churn-C01,PPO-MLP seed=2202,5,5,1.0,1.0,0.0,1.2,5,0.0,0.08838834764831843,1.6666666666666667,3,0,0,0.0,0,0.0,8.441074434901122,212.3919417382416,2.813691478300374,3,1.1718666666666666,466.6666666666667,3,1726,3,0,0.0,0.7862302462259928,0.784313725490196,,,9.496548959946493,125.41604252032316,0.0,task_churn,PPO-MLP,2202,results/random_event/minimum_validation_50k_2afa8ec/preliminary/runs/PPO-MLP/seed_2202/models/ppo_mlp_seed2202_step50000.pt,c88d41a7f2ca7b0173303035d441bb1e3a0bdb09cf4776f9fa43dac1d64d4cf0
task_churn-C01,GPPO-Adaptive seed=2202/task_churn-C01,GPPO-Adaptive seed=2202,5,5,1.0,1.0,0.0,1.2,5,0.0,0.08838834764831843,1.6666666666666667,3,0,0,0.0,0,0.0,8.441074434901122,212.3919417382416,2.813691478300374,3,8.256233333333332,466.6666666666667,3,1726,3,0,0.0,0.7304537494977316,0.784313725490196,0.44775248650047517,0.025163870042624308,9.098333983953653,129.47702124646122,0.0,task_churn,GPPO-Adaptive,2202,results/random_event/minimum_validation_50k_2afa8ec/preliminary/runs/GPPO-Adaptive/seed_2202/models/gppo_adaptive_seed2202_step50000.pt,3350ddee817e440d673517141a3c5d42bcaaf8419c90730933e91e8514f3a33f
task_churn-C01,PPO-MLP seed=3303/task_churn-C01,PPO-MLP seed=3303,5,5,1.0,1.0,0.0,1.2,5,0.0,0.08838834764831843,1.6666666666666667,3,0,0,0.0,0,0.0,8.441074434901122,212.3919417382416,2.813691478300374,3,1.4531999999999998,466.6666666666667,3,1726,3,0,0.0,0.7874225775400797,0.784313725490196,,,8.860064813828329,116.90769332263058,0.0,task_churn,PPO-MLP,3303,results/random_event/minimum_validation_50k_2afa8ec/preliminary/runs/PPO-MLP/seed_3303/models/ppo_mlp_seed3303_step50000.pt,5fe8988e4980eccdff55ccc5d3cbb099ffd2dafa0ff1798b0ef41994113216e3
task_churn-C01,GPPO-Adaptive seed=3303/task_churn-C01,GPPO-Adaptive seed=3303,5,5,1.0,1.0,0.0,1.2,5,0.0,0.08838834764831843,1.6666666666666667,3,0,0,0.0,0,0.0,8.441074434901122,212.3919417382416,2.813691478300374,3,9.805966666666668,466.6666666666667,3,1726,3,0,0.0,0.7976265748341879,0.784313725490196,0.44309252003828686,0.020790424450258343,9.323629368678588,130.69776144785462,0.0,task_churn,GPPO-Adaptive,3303,results/random_event/minimum_validation_50k_2afa8ec/preliminary/runs/GPPO-Adaptive/seed_3303/models/gppo_adaptive_seed3303_step50000.pt,595253bce8e56358e077b57e3ae9d56c7babaeb6e5a3539be3663c8bf7b0a3c0
task_churn-C01,Nearest Legal/task_churn-C01,Nearest Legal,5,5,1.0,1.0,0.0,1.2,5,0.0,0.08838834764831843,1.6666666666666667,3,0,0,0.0,0,0.0,8.441074434901122,212.3919417382416,2.813691478300374,3,0.0587,466.6666666666667,3,1726,3,0,0.0,,0.784313725490196,,,,,0.0,task_churn,Nearest Legal,,,
task_churn-C01,Min Load/task_churn-C01,Min Load,5,5,1.0,1.0,0.0,1.2,5,0.0,0.08838834764831843,1.6666666666666667,3,0,0,0.0,0,0.0,8.441074434901122,212.3919417382416,2.813691478300374,3,0.06956666666666667,466.6666666666667,3,1726,3,0,0.0,,0.784313725490196,,,,,0.0,task_churn,Min Load,,,
task_churn-C01,Greedy Cost/task_churn-C01,Greedy Cost,5,5,1.0,1.0,0.0,1.2,5,0.0,0.08838834764831843,1.6666666666666667,3,0,0,0.0,0,0.0,8.441074434901122,212.3919417382416,2.813691478300374,3,5.301066666666667,466.6666666666667,3,1726,3,0,0.0,,0.784313725490196,,,,,0.0,task_churn,Greedy Cost,,,
task_churn-C01,Current-Pending Exact Planner/task_churn-C01,Current-Pending Exact Planner,5,5,1.0,1.0,0.0,1.2,5,0.0,0.08838834764831843,1.6666666666666667,3,0,0,0.0,0,0.0,8.441074434901122,212.3919417382416,2.813691478300374,3,4.666433333333334,466.6666666666667,3,1726,3,0,0.0,,0.784313725490196,,,,,0.0,task_churn,Current-Pending Exact Planner,,,
task_churn-C02,PPO-MLP seed=1101/task_churn-C02,PPO-MLP seed=1101,5,5,1.0,1.0,0.0,1.4,5,2.002,0.10311973892303816,1.6666666666666667,4,0,0,0.0,0,0.0,13.25,218.19113591206573,3.3125,4,1.2691750000000002,466.6666666666667,3,1732,4,1,0.25,0.6612935811281204,0.6617647058823529,,,7.543137776053161,87.10117601731143,2.002,task_churn,PPO-MLP,1101,results/random_event/minimum_validation_50k_2afa8ec/preliminary/runs/PPO-MLP/seed_1101/models/ppo_mlp_seed1101_step50000.pt,cc0d3d77d0d93ef7ae910b84795405d0bb50811317eb5f310c031d709d30b4e5
task_churn-C02,GPPO-Adaptive seed=1101/task_churn-C02,GPPO-Adaptive seed=1101,5,5,1.0,1.0,0.0,1.4,5,2.002,0.029462782549439476,0.8333333333333334,4,0,0,0.0,0,0.0,14.16161165235168,211.29338834764832,3.54040291308792,4,8.979725,466.6666666666667,3,1732,4,1,0.25,0.5731068402528763,0.6617647058823529,0.4713542219251394,0.022845944718733475,9.472840971952362,122.33066682241345,2.002,task_churn,GPPO-Adaptive,1101,results/random_event/minimum_validation_50k_2afa8ec/preliminary/runs/GPPO-Adaptive/seed_1101/models/gppo_adaptive_seed1101_step50000.pt,2f378fc0d7bf6c23dc97402a9f8d0c1e20a5aa7f4a698e32a7ede0d494980b88
task_churn-C02,PPO-MLP seed=2202/task_churn-C02,PPO-MLP seed=2202,5,5,1.0,1.0,0.0,1.4,5,2.002,0.10311973892303816,1.6666666666666667,4,0,0,0.0,0,0.0,13.25,218.19113591206573,3.3125,4,1.047375,466.6666666666667,3,1732,4,1,0.25,0.6531694531440735,0.6617647058823529,,,8.969492184317321,104.10277627496819,2.002,task_churn,PPO-MLP,2202,results/random_event/minimum_validation_50k_2afa8ec/preliminary/runs/PPO-MLP/seed_2202/models/ppo_mlp_seed2202_step50000.pt,c88d41a7f2ca7b0173303035d441bb1e3a0bdb09cf4776f9fa43dac1d64d4cf0
task_churn-C02,GPPO-Adaptive seed=2202/task_churn-C02,GPPO-Adaptive seed=2202,5,5,1.0,1.0,0.0,1.6,5,5.008,0.041666666666666664,0.8888888888888888,5,0,0,0.0,0,0.0,19.38,217.25666666666666,3.876,5,8.41004,466.6666666666667,3,1732,5,2,0.4,0.49364742636680603,0.5411764705882354,0.4661237770070632,0.03066879345784896,11.83372113800049,187.64687075494285,5.008,task_churn,GPPO-Adaptive,2202,results/random_event/minimum_validation_50k_2afa8ec/preliminary/runs/GPPO-Adaptive/seed_2202/models/gppo_adaptive_seed2202_step50000.pt,3350ddee817e440d673517141a3c5d42bcaaf8419c90730933e91e8514f3a33f
task_churn-C02,PPO-MLP seed=3303/task_churn-C02,PPO-MLP seed=3303,5,5,1.0,1.0,0.0,1.4,5,2.002,0.10311973892303816,1.6666666666666667,4,0,0,0.0,0,0.0,13.25,218.19113591206573,3.3125,4,1.0659999999999998,466.6666666666667,3,1732,4,1,0.25,0.6565075218677521,0.6617647058823529,,,9.102080332434387,109.54259355040114,2.002,task_churn,PPO-MLP,3303,results/random_event/minimum_validation_50k_2afa8ec/preliminary/runs/PPO-MLP/seed_3303/models/ppo_mlp_seed3303_step50000.pt,5fe8988e4980eccdff55ccc5d3cbb099ffd2dafa0ff1798b0ef41994113216e3
task_churn-C02,GPPO-Adaptive seed=3303/task_churn-C02,GPPO-Adaptive seed=3303,5,5,1.0,1.0,0.0,1.4,5,2.002,0.10311973892303816,1.6666666666666667,4,0,0,0.0,0,0.0,13.25,218.19113591206573,3.3125,4,10.00515,466.6666666666667,3,1732,4,1,0.25,0.6390913277864456,0.6617647058823529,0.4317509333292643,0.022638193044299693,9.663880812323303,124.3143030201757,2.002,task_churn,GPPO-Adaptive,3303,results/random_event/minimum_validation_50k_2afa8ec/preliminary/runs/GPPO-Adaptive/seed_3303/models/gppo_adaptive_seed3303_step50000.pt,595253bce8e56358e077b57e3ae9d56c7babaeb6e5a3539be3663c8bf7b0a3c0
task_churn-C02,Nearest Legal/task_churn-C02,Nearest Legal,5,5,1.0,1.0,0.0,1.4,5,2.002,0.10311973892303816,1.6666666666666667,4,0,0,0.0,0,0.0,13.25,218.19113591206573,3.3125,4,0.074375,466.6666666666667,3,1732,4,1,0.25,,0.6617647058823529,,,,,2.002,task_churn,Nearest Legal,,,
task_churn-C02,Min Load/task_churn-C02,Min Load,5,5,1.0,1.0,0.0,1.4,5,2.002,0.10311973892303816,1.6666666666666667,4,0,0,0.0,0,0.0,13.25,218.19113591206573,3.3125,4,0.11735,466.6666666666667,3,1732,4,1,0.25,,0.6617647058823529,,,,,2.002,task_churn,Min Load,,,
task_churn-C02,Greedy Cost/task_churn-C02,Greedy Cost,5,5,1.0,1.0,0.0,1.4,5,2.002,0.10311973892303816,1.6666666666666667,4,0,0,0.0,0,0.0,13.25,218.19113591206573,3.3125,4,9.749525,466.6666666666667,3,1732,4,1,0.25,,0.6617647058823529,,,,,2.002,task_churn,Greedy Cost,,,
task_churn-C02,Current-Pending Exact Planner/task_churn-C02,Current-Pending Exact Planner,5,5,1.0,1.0,0.0,1.4,5,2.002,0.10311973892303816,1.6666666666666667,4,0,0,0.0,0,0.0,13.25,218.19113591206573,3.3125,4,16.6342,466.6666666666667,3,1732,4,1,0.25,,0.6617647058823529,,,,,2.002,task_churn,Current-Pending Exact Planner,,,
task_churn-C03,PPO-MLP seed=1101/task_churn-C03,PPO-MLP seed=1101,5,5,1.0,1.0,0.0,1.4,5,2.002,0.029462782549439476,0.8333333333333334,4,0,0,0.0,0,0.0,14.66661165235168,211.29338834764832,3.66665291308792,4,1.96645,466.6666666666667,3,1732,4,1,0.25,0.6676834225654602,0.6617647058823528,,,10.006635432248995,127.65399192019974,2.002,task_churn,PPO-MLP,1101,results/random_event/minimum_validation_50k_2afa8ec/preliminary/runs/PPO-MLP/seed_1101/models/ppo_mlp_seed1101_step50000.pt,cc0d3d77d0d93ef7ae910b84795405d0bb50811317eb5f310c031d709d30b4e5
task_churn-C03,GPPO-Adaptive seed=1101/task_churn-C03,GPPO-Adaptive seed=1101,5,5,1.0,1.0,0.0,1.6,5,2.004,0.029462782549439476,0.6666666666666666,5,0,0,0.0,0,0.0,14.66661165235168,206.53838834764832,2.933322330470336,5,14.9488,466.6666666666667,3,1732,5,2,0.4,0.5688595592975616,0.6823529411764705,0.45807439982891085,0.022515548575845527,8.874264553074585,110.34155063540383,2.004,task_churn,GPPO-Adaptive,1101,results/random_event/minimum_validation_50k_2afa8ec/preliminary/runs/GPPO-Adaptive/seed_1101/models/gppo_adaptive_seed1101_step50000.pt,2f378fc0d7bf6c23dc97402a9f8d0c1e20a5aa7f4a698e32a7ede0d494980b88
task_churn-C03,PPO-MLP seed=2202/task_churn-C03,PPO-MLP seed=2202,5,5,1.0,1.0,0.0,1.4,5,2.002,0.029462782549439476,0.8333333333333334,4,0,0,0.0,0,0.0,14.66661165235168,211.29338834764832,3.66665291308792,4,1.4865499999999998,466.6666666666667,3,1732,4,1,0.25,0.6629610806703568,0.6617647058823528,,,10.607675080305025,134.93755194300655,2.002,task_churn,PPO-MLP,2202,results/random_event/minimum_validation_50k_2afa8ec/preliminary/runs/PPO-MLP/seed_2202/models/ppo_mlp_seed2202_step50000.pt,c88d41a7f2ca7b0173303035d441bb1e3a0bdb09cf4776f9fa43dac1d64d4cf0
task_churn-C03,GPPO-Adaptive seed=2202/task_churn-C03,GPPO-Adaptive seed=2202,5,5,1.0,1.0,0.0,1.4,5,2.002,0.029462782549439476,0.8333333333333334,4,0,0,0.0,0,0.0,14.66661165235168,211.29338834764832,3.66665291308792,4,14.329775000000001,466.6666666666667,3,1732,4,1,0.25,0.49932873249053955,0.6617647058823528,0.44555751358469325,0.02556177446170141,8.29835284233658,106.40938941693298,2.002,task_churn,GPPO-Adaptive,2202,results/random_event/minimum_validation_50k_2afa8ec/preliminary/runs/GPPO-Adaptive/seed_2202/models/gppo_adaptive_seed2202_step50000.pt,3350ddee817e440d673517141a3c5d42bcaaf8419c90730933e91e8514f3a33f
task_churn-C03,PPO-MLP seed=3303/task_churn-C03,PPO-MLP seed=3303,5,5,1.0,1.0,0.0,1.4,5,2.002,0.029462782549439476,0.8333333333333334,4,0,0,0.0,0,0.0,14.66661165235168,211.29338834764832,3.66665291308792,4,1.5235249999999998,466.6666666666667,3,1732,4,1,0.25,0.6641835719347,0.6617647058823528,,,9.771549706464693,123.19700058722368,2.002,task_churn,PPO-MLP,3303,results/random_event/minimum_validation_50k_2afa8ec/preliminary/runs/PPO-MLP/seed_3303/models/ppo_mlp_seed3303_step50000.pt,5fe8988e4980eccdff55ccc5d3cbb099ffd2dafa0ff1798b0ef41994113216e3
task_churn-C03,GPPO-Adaptive seed=3303/task_churn-C03,GPPO-Adaptive seed=3303,5,5,1.0,1.0,0.0,1.4,5,2.002,0.029462782549439476,0.8333333333333334,4,0,0,0.0,0,0.0,14.66661165235168,211.29338834764832,3.66665291308792,4,9.647825000000001,466.6666666666667,3,1732,4,1,0.25,0.638665109872818,0.6617647058823528,0.44291920649508637,0.019210518531576924,8.492931847577974,112.30475905465055,2.002,task_churn,GPPO-Adaptive,3303,results/random_event/minimum_validation_50k_2afa8ec/preliminary/runs/GPPO-Adaptive/seed_3303/models/gppo_adaptive_seed3303_step50000.pt,595253bce8e56358e077b57e3ae9d56c7babaeb6e5a3539be3663c8bf7b0a3c0
task_churn-C03,Nearest Legal/task_churn-C03,Nearest Legal,5,5,1.0,1.0,0.0,1.4,5,2.002,0.044194173824159216,1.1666666666666667,4,0,0,0.0,0,0.0,12.57822330470336,216.51435921676912,3.14455582617584,4,0.064725,466.6666666666667,3,1732,4,1,0.25,,0.6617647058823528,,,,,2.002,task_churn,Nearest Legal,,,
task_churn-C03,Min Load/task_churn-C03,Min Load,5,5,1.0,1.0,0.0,1.4,5,2.002,0.029462782549439476,0.8333333333333334,4,0,0,0.0,0,0.0,14.66661165235168,211.29338834764832,3.66665291308792,4,0.124075,466.6666666666667,3,1732,4,1,0.25,,0.6617647058823528,,,,,2.002,task_churn,Min Load,,,
task_churn-C03,Greedy Cost/task_churn-C03,Greedy Cost,5,5,1.0,1.0,0.0,1.4,5,2.002,0.029462782549439476,0.8333333333333334,4,0,0,0.0,0,0.0,14.66661165235168,211.29338834764832,3.66665291308792,4,8.35075,466.6666666666667,3,1732,4,1,0.25,,0.6617647058823528,,,,,2.002,task_churn,Greedy Cost,,,
task_churn-C03,Current-Pending Exact Planner/task_churn-C03,Current-Pending Exact Planner,5,5,1.0,1.0,0.0,1.6,5,2.004,0.029462782549439476,0.6666666666666666,5,0,0,0.0,0,0.0,14.66661165235168,206.53838834764832,2.933322330470336,5,11.407599999999999,466.6666666666667,3,1732,5,2,0.4,,0.6823529411764705,,,,,2.004,task_churn,Current-Pending Exact Planner,,,
task_churn-C04,PPO-MLP seed=1101/task_churn-C04,PPO-MLP seed=1101,5,5,1.0,1.0,0.0,1.4,5,2.002,0.10311973892303816,1.6666666666666667,4,0,0,0.0,0,0.0,13.25,218.19113591206573,3.3125,4,1.53025,466.6666666666667,3,1726,4,1,0.25,0.6614507436752319,0.6617647058823528,,,7.820931660330505,87.00223693592685,2.002,task_churn,PPO-MLP,1101,results/random_event/minimum_validation_50k_2afa8ec/preliminary/runs/PPO-MLP/seed_1101/models/ppo_mlp_seed1101_step50000.pt,cc0d3d77d0d93ef7ae910b84795405d0bb50811317eb5f310c031d709d30b4e5
task_churn-C04,GPPO-Adaptive seed=1101/task_churn-C04,GPPO-Adaptive seed=1101,5,5,1.0,1.0,0.0,1.4,5,2.002,0.10311973892303816,1.6666666666666667,4,0,0,0.0,0,0.0,13.25,218.19113591206573,3.3125,4,11.555575,466.6666666666667,3,1726,4,1,0.25,0.5411575809121132,0.6617647058823529,0.45495417372634017,0.02727721429245838,9.624432551062316,123.56196589127192,2.002,task_churn,GPPO-Adaptive,1101,results/random_event/minimum_validation_50k_2afa8ec/preliminary/runs/GPPO-Adaptive/seed_1101/models/gppo_adaptive_seed1101_step50000.pt,2f378fc0d7bf6c23dc97402a9f8d0c1e20a5aa7f4a698e32a7ede0d494980b88
task_churn-C04,PPO-MLP seed=2202/task_churn-C04,PPO-MLP seed=2202,5,5,1.0,1.0,0.0,1.4,5,2.002,0.10311973892303816,1.6666666666666667,4,0,0,0.0,0,0.0,13.25,218.19113591206573,3.3125,4,1.2632500000000002,466.6666666666667,3,1726,4,1,0.25,0.6535239666700363,0.6617647058823528,,,8.932751642859191,107.40087571889168,2.002,task_churn,PPO-MLP,2202,results/random_event/minimum_validation_50k_2afa8ec/preliminary/runs/PPO-MLP/seed_2202/models/ppo_mlp_seed2202_step50000.pt,c88d41a7f2ca7b0173303035d441bb1e3a0bdb09cf4776f9fa43dac1d64d4cf0
task_churn-C04,GPPO-Adaptive seed=2202/task_churn-C04,GPPO-Adaptive seed=2202,5,5,1.0,1.0,0.0,1.4,5,2.002,0.10311973892303816,1.6666666666666667,4,0,0,0.0,0,0.0,13.25,218.19113591206573,3.3125,4,11.1763,466.6666666666667,3,1726,4,1,0.25,0.48076485842466354,0.6617647058823529,0.44959321773300565,0.027355904094189747,9.215910779631347,122.03838039547676,2.002,task_churn,GPPO-Adaptive,2202,results/random_event/minimum_validation_50k_2afa8ec/preliminary/runs/GPPO-Adaptive/seed_2202/models/gppo_adaptive_seed2202_step50000.pt,3350ddee817e440d673517141a3c5d42bcaaf8419c90730933e91e8514f3a33f
task_churn-C04,PPO-MLP seed=3303/task_churn-C04,PPO-MLP seed=3303,5,5,1.0,1.0,0.0,1.4,5,2.002,0.10311973892303816,1.6666666666666667,4,0,0,0.0,0,0.0,13.25,218.19113591206573,3.3125,4,2.4892499999999997,466.6666666666667,3,1726,4,1,0.25,0.6563385128974915,0.6617647058823528,,,9.400491463339538,112.96153969273284,2.002,task_churn,PPO-MLP,3303,results/random_event/minimum_validation_50k_2afa8ec/preliminary/runs/PPO-MLP/seed_3303/models/ppo_mlp_seed3303_step50000.pt,5fe8988e4980eccdff55ccc5d3cbb099ffd2dafa0ff1798b0ef41994113216e3
task_churn-C04,GPPO-Adaptive seed=3303/task_churn-C04,GPPO-Adaptive seed=3303,5,5,1.0,1.0,0.0,1.4,5,2.002,0.10311973892303816,1.6666666666666667,4,0,0,0.0,0,0.0,13.25,218.19113591206573,3.3125,4,13.442,466.6666666666667,3,1726,4,1,0.25,0.6362434178590775,0.6617647058823529,0.4330085062732299,0.022754020525269966,9.845104443228454,128.7931554216246,2.002,task_churn,GPPO-Adaptive,3303,results/random_event/minimum_validation_50k_2afa8ec/preliminary/runs/GPPO-Adaptive/seed_3303/models/gppo_adaptive_seed3303_step50000.pt,595253bce8e56358e077b57e3ae9d56c7babaeb6e5a3539be3663c8bf7b0a3c0
task_churn-C04,Nearest Legal/task_churn-C04,Nearest Legal,5,5,1.0,1.0,0.0,1.4,5,2.002,0.10311973892303816,1.6666666666666667,4,0,0,0.0,0,0.0,13.25,218.19113591206573,3.3125,4,0.072525,466.6666666666667,3,1726,4,1,0.25,,0.6617647058823528,,,,,2.002,task_churn,Nearest Legal,,,
task_churn-C04,Min Load/task_churn-C04,Min Load,5,5,1.0,1.0,0.0,1.4,5,2.002,0.10311973892303816,1.6666666666666667,4,0,0,0.0,0,0.0,13.25,218.19113591206573,3.3125,4,0.140225,466.6666666666667,3,1726,4,1,0.25,,0.6617647058823528,,,,,2.002,task_churn,Min Load,,,
task_churn-C04,Greedy Cost/task_churn-C04,Greedy Cost,5,5,1.0,1.0,0.0,1.4,5,2.002,0.10311973892303816,1.6666666666666667,4,0,0,0.0,0,0.0,13.25,218.19113591206573,3.3125,4,8.19965,466.6666666666667,3,1726,4,1,0.25,,0.6617647058823528,,,,,2.002,task_churn,Greedy Cost,,,
task_churn-C04,Current-Pending Exact Planner/task_churn-C04,Current-Pending Exact Planner,5,5,1.0,1.0,0.0,1.4,5,2.002,0.10311973892303816,1.6666666666666667,4,0,0,0.0,0,0.0,13.25,218.19113591206573,3.3125,4,18.10875,466.6666666666667,3,1726,4,1,0.25,,0.6617647058823528,,,,,2.002,task_churn,Current-Pending Exact Planner,,,
task_churn-C05,PPO-MLP seed=1101/task_churn-C05,PPO-MLP seed=1101,5,5,1.0,1.0,0.0,1.6,5,2.002,0.029462782549439476,0.6666666666666666,5,0,0,0.0,0,0.0,14.66661165235168,206.53838834764832,2.933322330470336,5,1.311,466.6666666666667,3,1725,5,2,0.4,0.6888423562049866,0.6823529411764705,,,8.090646389012086,92.4329069699472,2.002,task_churn,PPO-MLP,1101,results/random_event/minimum_validation_50k_2afa8ec/preliminary/runs/PPO-MLP/seed_1101/models/ppo_mlp_seed1101_step50000.pt,cc0d3d77d0d93ef7ae910b84795405d0bb50811317eb5f310c031d709d30b4e5
task_churn-C05,GPPO-Adaptive seed=1101/task_churn-C05,GPPO-Adaptive seed=1101,5,5,1.0,1.0,0.0,1.2,5,0.0,0.08838834764831843,1.6666666666666667,3,0,0,0.0,0,0.0,8.441074434901122,212.3919417382416,2.813691478300374,3,8.835333333333333,466.6666666666667,3,1725,3,0,0.0,0.7239370544751486,0.784313725490196,0.4583410968383153,0.02639407820319486,9.523410786525268,130.85679122974366,0.0,task_churn,GPPO-Adaptive,1101,results/random_event/minimum_validation_50k_2afa8ec/preliminary/runs/GPPO-Adaptive/seed_1101/models/gppo_adaptive_seed1101_step50000.pt,2f378fc0d7bf6c23dc97402a9f8d0c1e20a5aa7f4a698e32a7ede0d494980b88
task_churn-C05,PPO-MLP seed=2202/task_churn-C05,PPO-MLP seed=2202,5,5,1.0,1.0,0.0,1.6,5,2.002,0.029462782549439476,0.6666666666666666,5,0,0,0.0,0,0.0,14.66661165235168,206.53838834764832,2.933322330470336,5,1.19422,466.6666666666667,3,1725,5,2,0.4,0.6873790621757507,0.6823529411764705,,,8.344536235813845,95.20411399909496,2.002,task_churn,PPO-MLP,2202,results/random_event/minimum_validation_50k_2afa8ec/preliminary/runs/PPO-MLP/seed_2202/models/ppo_mlp_seed2202_step50000.pt,c88d41a7f2ca7b0173303035d441bb1e3a0bdb09cf4776f9fa43dac1d64d4cf0
task_churn-C05,GPPO-Adaptive seed=2202/task_churn-C05,GPPO-Adaptive seed=2202,5,5,1.0,1.0,0.0,1.2,5,0.0,0.125,1.6666666666666667,3,0,0,0.0,0,0.0,8.416666666666668,212.57500000000002,2.805555555555556,3,8.734900000000001,466.6666666666667,3,1725,3,0,0.0,0.6912328998247782,0.784313725490196,0.443086487137609,0.02465064675988639,8.557524575127495,125.47744069857522,0.0,task_churn,GPPO-Adaptive,2202,results/random_event/minimum_validation_50k_2afa8ec/preliminary/runs/GPPO-Adaptive/seed_2202/models/gppo_adaptive_seed2202_step50000.pt,3350ddee817e440d673517141a3c5d42bcaaf8419c90730933e91e8514f3a33f
task_churn-C05,PPO-MLP seed=3303/task_churn-C05,PPO-MLP seed=3303,5,5,1.0,1.0,0.0,1.6,5,2.002,0.029462782549439476,0.6666666666666666,5,0,0,0.0,0,0.0,14.66661165235168,206.53838834764832,2.933322330470336,5,1.14588,466.6666666666667,3,1725,5,2,0.4,0.6877898931503296,0.6823529411764705,,,9.281539943699588,116.86483960575302,2.002,task_churn,PPO-MLP,3303,results/random_event/minimum_validation_50k_2afa8ec/preliminary/runs/PPO-MLP/seed_3303/models/ppo_mlp_seed3303_step50000.pt,5fe8988e4980eccdff55ccc5d3cbb099ffd2dafa0ff1798b0ef41994113216e3
task_churn-C05,GPPO-Adaptive seed=3303/task_churn-C05,GPPO-Adaptive seed=3303,5,5,1.0,1.0,0.0,1.6,5,2.002,0.029462782549439476,0.6666666666666666,5,0,0,0.0,0,0.0,14.66661165235168,206.53838834764832,2.933322330470336,5,9.38464,466.6666666666667,3,1725,5,2,0.4,0.6606249332427978,0.6823529411764705,0.4386174788077673,0.01768630402006326,7.604947689060914,95.16862008675474,2.002,task_churn,GPPO-Adaptive,3303,results/random_event/minimum_validation_50k_2afa8ec/preliminary/runs/GPPO-Adaptive/seed_3303/models/gppo_adaptive_seed3303_step50000.pt,595253bce8e56358e077b57e3ae9d56c7babaeb6e5a3539be3663c8bf7b0a3c0
task_churn-C05,Nearest Legal/task_churn-C05,Nearest Legal,5,5,1.0,1.0,0.0,1.6,5,2.002,0.05892556509887895,1.3333333333333333,5,0,0,0.0,0,0.0,12.57822330470336,212.80355339059327,2.515644660940672,5,0.05996,466.6666666666667,3,1725,5,2,0.4,,0.6823529411764705,,,,,2.002,task_churn,Nearest Legal,,,
task_churn-C05,Min Load/task_churn-C05,Min Load,5,5,1.0,1.0,0.0,1.6,5,2.002,0.029462782549439476,0.6666666666666666,5,0,0,0.0,0,0.0,14.66661165235168,206.53838834764832,2.933322330470336,5,0.08027999999999999,466.6666666666667,3,1725,5,2,0.4,,0.6823529411764705,,,,,2.002,task_churn,Min Load,,,
task_churn-C05,Greedy Cost/task_churn-C05,Greedy Cost,5,5,1.0,1.0,0.0,1.6,5,2.002,0.029462782549439476,0.6666666666666666,5,0,0,0.0,0,0.0,14.66661165235168,206.53838834764832,2.933322330470336,5,7.202019999999999,466.6666666666667,3,1725,5,2,0.4,,0.6823529411764705,,,,,2.002,task_churn,Greedy Cost,,,
task_churn-C05,Current-Pending Exact Planner/task_churn-C05,Current-Pending Exact Planner,5,5,1.0,1.0,0.0,1.2,5,2.004,0.029462782549439476,1.0,3,0,0,0.0,0,0.0,7.906611652351681,216.0583883476483,2.6355372174505605,3,14.995933333333335,466.6666666666667,3,1725,3,0,0.0,,0.6274509803921569,,,,,2.004,task_churn,Current-Pending Exact Planner,,,
event_storm_8-C00,PPO-MLP seed=1101/event_storm_8-C00,PPO-MLP seed=1101,8,8,1.0,1.0,0.0,2.245,8,24.038,0.12677970162632934,0.14285714285714285,14,0,0,0.0,0,0.0,22.86483495705504,159.69423460668094,1.633202496932503,14,1.1966285714285714,551.4285714285717,7,4375,14,7,0.5,0.8849333013807025,0.8319327731092437,,,13.369600929550481,206.03306697342217,24.038,event_storm_8,PPO-MLP,1101,results/random_event/minimum_validation_50k_2afa8ec/preliminary/runs/PPO-MLP/seed_1101/models/ppo_mlp_seed1101_step50000.pt,cc0d3d77d0d93ef7ae910b84795405d0bb50811317eb5f310c031d709d30b4e5
event_storm_8-C00,GPPO-Adaptive seed=1101/event_storm_8-C00,GPPO-Adaptive seed=1101,8,8,1.0,1.0,0.0,2.495,8,27.046999999999997,0.1697607093518035,0.14285714285714285,16,0,0,0.0,0,0.0,22.864834957055038,151.49510166075925,1.4290521848159399,16,10.323,551.4285714285717,7,4375,16,9,0.5625,0.9107548221945763,0.8345588235294117,0.47324437632535893,0.02841577946572098,12.864002763042796,196.1625995884238,27.046999999999997,event_storm_8,GPPO-Adaptive,1101,results/random_event/minimum_validation_50k_2afa8ec/preliminary/runs/GPPO-Adaptive/seed_1101/models/gppo_adaptive_seed1101_step50000.pt,2f378fc0d7bf6c23dc97402a9f8d0c1e20a5aa7f4a698e32a7ede0d494980b88
event_storm_8-C00,PPO-MLP seed=2202/event_storm_8-C00,PPO-MLP seed=2202,8,8,1.0,1.0,0.0,2.245,8,24.038,0.12677970162632934,0.14285714285714285,14,0,0,0.0,0,0.0,22.86483495705504,159.69423460668094,1.633202496932503,14,2.1291285714285713,551.4285714285717,7,4375,14,7,0.5,0.880518798317228,0.8319327731092437,,,12.558387027485749,182.44836883495074,24.038,event_storm_8,PPO-MLP,2202,results/random_event/minimum_validation_50k_2afa8ec/preliminary/runs/PPO-MLP/seed_2202/models/ppo_mlp_seed2202_step50000.pt,c88d41a7f2ca7b0173303035d441bb1e3a0bdb09cf4776f9fa43dac1d64d4cf0
event_storm_8-C00,GPPO-Adaptive seed=2202/event_storm_8-C00,GPPO-Adaptive seed=2202,8,8,1.0,1.0,0.0,2.62,8,28.058,0.19469725594835222,0.14285714285714285,17,0,0,0.0,0,0.0,22.864834957055038,147.4246574869351,1.3449902915914729,17,15.282688235294117,551.4285714285717,7,4375,17,10,0.5882352941176471,0.9033835775711957,0.8373702422145329,0.4541980796584896,0.03392543624903584,12.371831505725996,192.9083794117329,28.058,event_storm_8,GPPO-Adaptive,2202,results/random_event/minimum_validation_50k_2afa8ec/preliminary/runs/GPPO-Adaptive/seed_2202/models/gppo_adaptive_seed2202_step50000.pt,3350ddee817e440d673517141a3c5d42bcaaf8419c90730933e91e8514f3a33f
event_storm_8-C00,PPO-MLP seed=3303/event_storm_8-C00,PPO-MLP seed=3303,8,8,1.0,1.0,0.0,2.245,8,24.038,0.12677970162632934,0.14285714285714285,14,0,0,0.0,0,0.0,22.86483495705504,159.69423460668094,1.633202496932503,14,1.618192857142857,551.4285714285717,7,4375,14,7,0.5,0.879617554800851,0.8319327731092437,,,13.44954090801379,213.6355180214161,24.038,event_storm_8,PPO-MLP,3303,results/random_event/minimum_validation_50k_2afa8ec/preliminary/runs/PPO-MLP/seed_3303/models/ppo_mlp_seed3303_step50000.pt,5fe8988e4980eccdff55ccc5d3cbb099ffd2dafa0ff1798b0ef41994113216e3
event_storm_8-C00,GPPO-Adaptive seed=3303/event_storm_8-C00,GPPO-Adaptive seed=3303,8,8,1.0,1.0,0.0,2.995,8,27.046999999999997,0.18187698260140314,0.14285714285714285,20,0,0,0.0,0,0.0,22.864834957055038,134.51991557350647,1.143241747852752,20,14.90564,551.4285714285717,7,4375,20,13,0.65,0.8622587025165558,0.8558823529411764,0.41770976216842726,0.02720947510815993,10.357500254643464,145.97123476073332,27.046999999999997,event_storm_8,GPPO-Adaptive,3303,results/random_event/minimum_validation_50k_2afa8ec/preliminary/runs/GPPO-Adaptive/seed_3303/models/gppo_adaptive_seed3303_step50000.pt,595253bce8e56358e077b57e3ae9d56c7babaeb6e5a3539be3663c8bf7b0a3c0
event_storm_8-C00,Nearest Legal/event_storm_8-C00,Nearest Legal,8,8,1.0,1.0,0.0,2.245,8,24.038,0.12677970162632934,0.14285714285714285,14,0,0,0.0,0,0.0,22.86483495705504,159.69423460668094,1.633202496932503,14,0.05904285714285713,551.4285714285717,7,4375,14,7,0.5,,0.8319327731092437,,,,,24.038,event_storm_8,Nearest Legal,,,
event_storm_8-C00,Min Load/event_storm_8-C00,Min Load,8,8,1.0,1.0,0.0,2.245,8,24.038,0.12677970162632934,0.14285714285714285,14,0,0,0.0,0,0.0,22.86483495705504,159.69423460668094,1.633202496932503,14,0.12219285714285714,551.4285714285717,7,4375,14,7,0.5,,0.8319327731092437,,,,,24.038,event_storm_8,Min Load,,,
event_storm_8-C00,Greedy Cost/event_storm_8-C00,Greedy Cost,8,8,1.0,1.0,0.0,2.245,8,24.038,0.12677970162632934,0.14285714285714285,14,0,0,0.0,0,0.0,22.86483495705504,159.69423460668094,1.633202496932503,14,6.011021428571429,551.4285714285717,7,4375,14,7,0.5,,0.8319327731092437,,,,,24.038,event_storm_8,Greedy Cost,,,
event_storm_8-C00,Current-Pending Exact Planner/event_storm_8-C00,Current-Pending Exact Planner,8,8,1.0,1.0,0.0,2.245,8,24.038,0.12677970162632934,0.14285714285714285,14,0,0,0.0,0,0.0,22.86483495705504,159.69423460668094,1.633202496932503,14,2.4841071428571424,551.4285714285717,7,4375,14,7,0.5,,0.8319327731092437,,,,,24.038,event_storm_8,Current-Pending Exact Planner,,,
event_storm_8-C01,PPO-MLP seed=1101/event_storm_8-C01,PPO-MLP seed=1101,8,8,1.0,1.0,0.0,1.495,8,6.007999999999999,0.0,0.2222222222222222,8,0,0,0.0,0,0.0,22.505,228.82833333333332,2.813125,8,1.2847250000000003,490.0,6,3731,8,2,0.25,0.6646701917052269,0.6470588235294117,,,11.298137397766114,137.8619608789644,6.007999999999999,event_storm_8,PPO-MLP,1101,results/random_event/minimum_validation_50k_2afa8ec/preliminary/runs/PPO-MLP/seed_1101/models/ppo_mlp_seed1101_step50000.pt,cc0d3d77d0d93ef7ae910b84795405d0bb50811317eb5f310c031d709d30b4e5
event_storm_8-C01,GPPO-Adaptive seed=1101/event_storm_8-C01,GPPO-Adaptive seed=1101,8,8,1.0,1.0,0.0,1.995,8,8.012,0.0,0.3333333333333333,12,0,0,0.0,0,0.0,22.505,222.48499999999999,1.8754166666666665,12,12.280266666666668,490.0,6,3731,12,6,0.5,0.45967677732308704,0.6470588235294117,0.4666297816567951,0.01758746137170668,8.177207965850831,84.86605633453405,8.012,event_storm_8,GPPO-Adaptive,1101,results/random_event/minimum_validation_50k_2afa8ec/preliminary/runs/GPPO-Adaptive/seed_1101/models/gppo_adaptive_seed1101_step50000.pt,2f378fc0d7bf6c23dc97402a9f8d0c1e20a5aa7f4a698e32a7ede0d494980b88
event_storm_8-C01,PPO-MLP seed=2202/event_storm_8-C01,PPO-MLP seed=2202,8,8,1.0,1.0,0.0,1.495,8,6.007999999999999,0.0,0.2222222222222222,8,0,0,0.0,0,0.0,22.505,228.82833333333332,2.813125,8,1.2123249999999999,490.0,6,3731,8,2,0.25,0.6490680277347565,0.6470588235294117,,,11.782663316726685,150.482885579947,6.007999999999999,event_storm_8,PPO-MLP,2202,results/random_event/minimum_validation_50k_2afa8ec/preliminary/runs/PPO-MLP/seed_2202/models/ppo_mlp_seed2202_step50000.pt,c88d41a7f2ca7b0173303035d441bb1e3a0bdb09cf4776f9fa43dac1d64d4cf0
event_storm_8-C01,GPPO-Adaptive seed=2202/event_storm_8-C01,GPPO-Adaptive seed=2202,8,8,1.0,1.0,0.0,1.995,8,8.012,0.0,0.3333333333333333,12,0,0,0.0,0,0.0,22.505,222.48499999999999,1.8754166666666665,12,17.688141666666667,490.0,6,3731,12,6,0.5,0.47107283274332684,0.6470588235294117,0.4459113738396101,0.029143186497035595,6.852247614860535,70.05667537345461,8.012,event_storm_8,GPPO-Adaptive,2202,results/random_event/minimum_validation_50k_2afa8ec/preliminary/runs/GPPO-Adaptive/seed_2202/models/gppo_adaptive_seed2202_step50000.pt,3350ddee817e440d673517141a3c5d42bcaaf8419c90730933e91e8514f3a33f
event_storm_8-C01,PPO-MLP seed=3303/event_storm_8-C01,PPO-MLP seed=3303,8,8,1.0,1.0,0.0,1.495,8,6.007999999999999,0.0,0.2222222222222222,8,0,0,0.0,0,0.0,22.505,228.82833333333332,2.813125,8,1.8204250000000002,490.0,6,3731,8,2,0.25,0.6513896957039833,0.6470588235294117,,,13.260819764137269,184.39621010535168,6.007999999999999,event_storm_8,PPO-MLP,3303,results/random_event/minimum_validation_50k_2afa8ec/preliminary/runs/PPO-MLP/seed_3303/models/ppo_mlp_seed3303_step50000.pt,5fe8988e4980eccdff55ccc5d3cbb099ffd2dafa0ff1798b0ef41994113216e3
event_storm_8-C01,GPPO-Adaptive seed=3303/event_storm_8-C01,GPPO-Adaptive seed=3303,8,8,1.0,1.0,0.0,1.495,8,6.007999999999999,0.0,0.16666666666666666,8,0,0,0.0,0,0.0,22.505,228.495,2.813125,8,16.340425,490.0,6,3731,8,2,0.25,0.5205696001648903,0.6470588235294117,0.44971897546201944,0.015371865639431428,8.200188727378846,87.26936948806447,6.007999999999999,event_storm_8,GPPO-Adaptive,3303,results/random_event/minimum_validation_50k_2afa8ec/preliminary/runs/GPPO-Adaptive/seed_3303/models/gppo_adaptive_seed3303_step50000.pt,595253bce8e56358e077b57e3ae9d56c7babaeb6e5a3539be3663c8bf7b0a3c0
event_storm_8-C01,Nearest Legal/event_storm_8-C01,Nearest Legal,8,8,1.0,1.0,0.0,1.495,8,6.007999999999999,0.0,0.2222222222222222,8,0,0,0.0,0,0.0,22.505,228.82833333333332,2.813125,8,0.07988749999999999,490.0,6,3731,8,2,0.25,,0.6470588235294117,,,,,6.007999999999999,event_storm_8,Nearest Legal,,,
event_storm_8-C01,Min Load/event_storm_8-C01,Min Load,8,8,1.0,1.0,0.0,1.495,8,6.007999999999999,0.0,0.2222222222222222,8,0,0,0.0,0,0.0,22.505,228.82833333333332,2.813125,8,0.1134625,490.0,6,3731,8,2,0.25,,0.6470588235294117,,,,,6.007999999999999,event_storm_8,Min Load,,,
event_storm_8-C01,Greedy Cost/event_storm_8-C01,Greedy Cost,8,8,1.0,1.0,0.0,1.495,8,6.007999999999999,0.0,0.2222222222222222,8,0,0,0.0,0,0.0,22.505,228.82833333333332,2.813125,8,12.755650000000001,490.0,6,3731,8,2,0.25,,0.6470588235294117,,,,,6.007999999999999,event_storm_8,Greedy Cost,,,
event_storm_8-C01,Current-Pending Exact Planner/event_storm_8-C01,Current-Pending Exact Planner,8,8,1.0,1.0,0.0,1.495,8,6.007999999999999,0.09657245391205162,1.6666666666666667,8,0,0,0.0,0,0.0,19.475537217450558,242.25121141876895,2.4344421521813198,8,15.18075,490.0,6,3731,8,2,0.25,,0.6470588235294117,,,,,6.007999999999999,event_storm_8,Current-Pending Exact Planner,,,
event_storm_8-C02,PPO-MLP seed=1101/event_storm_8-C02,PPO-MLP seed=1101,8,8,1.0,1.0,0.0,2.37,8,25.049999999999997,0.007365695637359869,0.7261904761904762,15,0,0,0.0,0,0.0,24.166611652351676,159.48828155044316,1.6111074434901118,15,1.5730000000000002,551.4285714285717,7,4344,15,8,0.5333333333333333,0.47958008050918577,0.4627450980392157,,,16.039936205549072,264.5282227989789,25.049999999999997,event_storm_8,PPO-MLP,1101,results/random_event/minimum_validation_50k_2afa8ec/preliminary/runs/PPO-MLP/seed_1101/models/ppo_mlp_seed1101_step50000.pt,cc0d3d77d0d93ef7ae910b84795405d0bb50811317eb5f310c031d709d30b4e5
event_storm_8-C02,GPPO-Adaptive seed=1101/event_storm_8-C02,GPPO-Adaptive seed=1101,8,8,1.0,1.0,0.0,2.87,8,38.090999999999994,0.005682108063106185,0.7571428571428571,19,0,0,0.0,0,0.0,28.42161165235168,167.71816310409005,1.4958742974921937,19,11.552452631578948,551.4285714285717,7,4344,19,12,0.631578947368421,0.2300167955997351,0.41795665634674917,0.5408555124151079,0.01627434510510395,16.27693890019705,281.43761602355437,38.090999999999994,event_storm_8,GPPO-Adaptive,1101,results/random_event/minimum_validation_50k_2afa8ec/preliminary/runs/GPPO-Adaptive/seed_1101/models/gppo_adaptive_seed1101_step50000.pt,2f378fc0d7bf6c23dc97402a9f8d0c1e20a5aa7f4a698e32a7ede0d494980b88
event_storm_8-C02,PPO-MLP seed=2202/event_storm_8-C02,PPO-MLP seed=2202,8,8,1.0,1.0,0.0,2.37,8,25.049999999999997,0.007365695637359869,0.7261904761904762,15,0,0,0.0,0,0.0,24.166611652351676,159.48828155044316,1.6111074434901118,15,1.4772533333333335,551.4285714285717,7,4344,15,8,0.5333333333333333,0.46845732927322387,0.4627450980392157,,,14.906692390444904,235.66299029301427,25.049999999999997,event_storm_8,PPO-MLP,2202,results/random_event/minimum_validation_50k_2afa8ec/preliminary/runs/PPO-MLP/seed_2202/models/ppo_mlp_seed2202_step50000.pt,c88d41a7f2ca7b0173303035d441bb1e3a0bdb09cf4776f9fa43dac1d64d4cf0
event_storm_8-C02,GPPO-Adaptive seed=2202/event_storm_8-C02,GPPO-Adaptive seed=2202,8,8,1.0,1.0,0.0,2.87,8,38.090999999999994,0.005682108063106185,0.7571428571428571,19,0,0,0.0,0,0.0,28.42161165235168,167.71816310409005,1.4958742974921937,19,10.2227,551.4285714285717,7,4344,19,12,0.631578947368421,0.2658345802923649,0.41795665634674917,0.49115482361562424,0.03693624613544359,15.46861684699045,278.183440442401,38.090999999999994,event_storm_8,GPPO-Adaptive,2202,results/random_event/minimum_validation_50k_2afa8ec/preliminary/runs/GPPO-Adaptive/seed_2202/models/gppo_adaptive_seed2202_step50000.pt,3350ddee817e440d673517141a3c5d42bcaaf8419c90730933e91e8514f3a33f
event_storm_8-C02,PPO-MLP seed=3303/event_storm_8-C02,PPO-MLP seed=3303,8,8,1.0,1.0,0.0,2.37,8,25.049999999999997,0.007365695637359869,0.7261904761904762,15,0,0,0.0,0,0.0,24.166611652351676,159.48828155044316,1.6111074434901118,15,1.6400000000000001,551.4285714285717,7,4344,15,8,0.5333333333333333,0.4654369836052259,0.4627450980392157,,,16.266881828311117,271.63563382167735,25.049999999999997,event_storm_8,PPO-MLP,3303,results/random_event/minimum_validation_50k_2afa8ec/preliminary/runs/PPO-MLP/seed_3303/models/ppo_mlp_seed3303_step50000.pt,5fe8988e4980eccdff55ccc5d3cbb099ffd2dafa0ff1798b0ef41994113216e3
event_storm_8-C02,GPPO-Adaptive seed=3303/event_storm_8-C02,GPPO-Adaptive seed=3303,8,8,1.0,1.0,0.0,2.495,8,26.047999999999995,0.007365695637359869,0.6547619047619048,16,0,0,0.0,0,0.0,24.166611652351676,154.72328155044318,1.5104132282719798,16,12.2692625,551.4285714285717,7,4344,16,9,0.5625,0.39352911293644866,0.4742647058823529,0.48169580365841586,0.016379552753368925,13.40820274114891,209.37729714132175,26.047999999999995,event_storm_8,GPPO-Adaptive,3303,results/random_event/minimum_validation_50k_2afa8ec/preliminary/runs/GPPO-Adaptive/seed_3303/models/gppo_adaptive_seed3303_step50000.pt,595253bce8e56358e077b57e3ae9d56c7babaeb6e5a3539be3663c8bf7b0a3c0
event_storm_8-C02,Nearest Legal/event_storm_8-C02,Nearest Legal,8,8,1.0,1.0,0.0,2.37,8,25.049999999999997,0.007365695637359869,0.7261904761904762,15,0,0,0.0,0,0.0,24.166611652351676,159.48828155044316,1.6111074434901118,15,0.08663333333333333,551.4285714285717,7,4344,15,8,0.5333333333333333,,0.4627450980392157,,,,,25.049999999999997,event_storm_8,Nearest Legal,,,
event_storm_8-C02,Min Load/event_storm_8-C02,Min Load,8,8,1.0,1.0,0.0,2.37,8,25.049999999999997,0.007365695637359869,0.7261904761904762,15,0,0,0.0,0,0.0,24.166611652351676,159.48828155044316,1.6111074434901118,15,0.1375,551.4285714285717,7,4344,15,8,0.5333333333333333,,0.4627450980392157,,,,,25.049999999999997,event_storm_8,Min Load,,,
event_storm_8-C02,Greedy Cost/event_storm_8-C02,Greedy Cost,8,8,1.0,1.0,0.0,2.495,8,26.043999999999997,0.007365695637359869,0.6547619047619048,16,0,0,0.0,0,0.0,24.166611652351676,154.71828155044318,1.5104132282719798,16,19.4745,551.4285714285717,7,4344,16,9,0.5625,,0.4742647058823529,,,,,26.043999999999997,event_storm_8,Greedy Cost,,,
event_storm_8-C02,Current-Pending Exact Planner/event_storm_8-C02,Current-Pending Exact Planner,8,8,1.0,1.0,0.0,2.245,8,25.052999999999997,0.08663461059180419,1.3809523809523812,14,0,0,0.0,0,0.0,24.166611652351676,168.9014972884576,1.7261865465965482,14,173.7552,551.4285714285717,7,4344,14,7,0.5,,0.43697478991596633,,,,,25.052999999999997,event_storm_8,Current-Pending Exact Planner,,,
event_storm_8-C03,PPO-MLP seed=1101/event_storm_8-C03,PPO-MLP seed=1101,8,8,1.0,1.0,0.0,1.87,8,11.018,0.017677669529663688,0.39999999999999997,11,0,0,0.0,0,0.0,20.41661165235168,321.09338834764833,1.8560556047592436,11,1.2307636363636363,296.00000000000006,5,3180,11,6,0.5454545454545454,0.6839251355691389,0.6631016042780747,,,9.523389037741202,134.5954627348592,11.018,event_storm_8,PPO-MLP,1101,results/random_event/minimum_validation_50k_2afa8ec/preliminary/runs/PPO-MLP/seed_1101/models/ppo_mlp_seed1101_step50000.pt,cc0d3d77d0d93ef7ae910b84795405d0bb50811317eb5f310c031d709d30b4e5
event_storm_8-C03,GPPO-Adaptive seed=1101/event_storm_8-C03,GPPO-Adaptive seed=1101,8,8,1.0,1.0,0.0,1.245,8,4.004,0.10901229543292605,1.1,6,0,0,0.0,0,0.0,12.073223304703362,332.5652265201096,2.012203884117227,6,11.926016666666667,296.00000000000006,5,3180,6,1,0.16666666666666666,0.9333225687344869,0.7745098039215685,0.470569876436558,0.019913490681040296,10.896873233078516,137.63128370673073,4.004,event_storm_8,GPPO-Adaptive,1101,results/random_event/minimum_validation_50k_2afa8ec/preliminary/runs/GPPO-Adaptive/seed_1101/models/gppo_adaptive_seed1101_step50000.pt,2f378fc0d7bf6c23dc97402a9f8d0c1e20a5aa7f4a698e32a7ede0d494980b88
event_storm_8-C03,PPO-MLP seed=2202/event_storm_8-C03,PPO-MLP seed=2202,8,8,1.0,1.0,0.0,1.87,8,11.018,0.017677669529663688,0.39999999999999997,11,0,0,0.0,0,0.0,20.41661165235168,321.09338834764833,1.8560556047592436,11,1.476209090909091,296.00000000000006,5,3180,11,6,0.5454545454545454,0.6686501394618641,0.6631016042780747,,,9.57422941554882,125.43731527258966,11.018,event_storm_8,PPO-MLP,2202,results/random_event/minimum_validation_50k_2afa8ec/preliminary/runs/PPO-MLP/seed_2202/models/ppo_mlp_seed2202_step50000.pt,c88d41a7f2ca7b0173303035d441bb1e3a0bdb09cf4776f9fa43dac1d64d4cf0
event_storm_8-C03,GPPO-Adaptive seed=2202/event_storm_8-C03,GPPO-Adaptive seed=2202,8,8,1.0,1.0,0.0,1.245,8,4.004,0.10901229543292605,1.1,6,0,0,0.0,0,0.0,12.073223304703362,332.5652265201096,2.012203884117227,6,14.726116666666668,296.00000000000006,5,3180,6,1,0.16666666666666666,0.9097695151964823,0.7745098039215685,0.4417602952776684,0.025983731730722128,8.778800802785751,95.57948248015043,4.004,event_storm_8,GPPO-Adaptive,2202,results/random_event/minimum_validation_50k_2afa8ec/preliminary/runs/GPPO-Adaptive/seed_2202/models/gppo_adaptive_seed2202_step50000.pt,3350ddee817e440d673517141a3c5d42bcaaf8419c90730933e91e8514f3a33f
event_storm_8-C03,PPO-MLP seed=3303/event_storm_8-C03,PPO-MLP seed=3303,8,8,1.0,1.0,0.0,1.87,8,11.018,0.017677669529663688,0.39999999999999997,11,0,0,0.0,0,0.0,20.41661165235168,321.09338834764833,1.8560556047592436,11,1.7101636363636366,296.00000000000006,5,3180,11,6,0.5454545454545454,0.6725291934880343,0.6631016042780747,,,8.188529449811737,104.58243830095202,11.018,event_storm_8,PPO-MLP,3303,results/random_event/minimum_validation_50k_2afa8ec/preliminary/runs/PPO-MLP/seed_3303/models/ppo_mlp_seed3303_step50000.pt,5fe8988e4980eccdff55ccc5d3cbb099ffd2dafa0ff1798b0ef41994113216e3
event_storm_8-C03,GPPO-Adaptive seed=3303/event_storm_8-C03,GPPO-Adaptive seed=3303,8,8,1.0,1.0,0.0,1.745,8,12.015999999999998,0.017677669529663688,0.5666666666666667,10,0,0,0.0,0,0.0,20.41661165235168,326.1917216809817,2.041661165235168,10,12.400900000000002,296.00000000000006,5,3180,10,5,0.5,0.5516522526741028,0.6294117647058822,0.41730590139826146,0.023712953481082027,8.782835262300843,112.91301514724357,12.015999999999998,event_storm_8,GPPO-Adaptive,3303,results/random_event/minimum_validation_50k_2afa8ec/preliminary/runs/GPPO-Adaptive/seed_3303/models/gppo_adaptive_seed3303_step50000.pt,595253bce8e56358e077b57e3ae9d56c7babaeb6e5a3539be3663c8bf7b0a3c0
event_storm_8-C03,Nearest Legal/event_storm_8-C03,Nearest Legal,8,8,1.0,1.0,0.0,1.87,8,11.018,0.017677669529663688,0.39999999999999997,11,0,0,0.0,0,0.0,20.41661165235168,321.09338834764833,1.8560556047592436,11,0.07624545454545455,296.00000000000006,5,3180,11,6,0.5454545454545454,,0.6631016042780747,,,,,11.018,event_storm_8,Nearest Legal,,,
event_storm_8-C03,Min Load/event_storm_8-C03,Min Load,8,8,1.0,1.0,0.0,1.87,8,11.018,0.017677669529663688,0.39999999999999997,11,0,0,0.0,0,0.0,20.41661165235168,321.09338834764833,1.8560556047592436,11,0.3303090909090909,296.00000000000006,5,3180,11,6,0.5454545454545454,,0.6631016042780747,,,,,11.018,event_storm_8,Min Load,,,
event_storm_8-C03,Greedy Cost/event_storm_8-C03,Greedy Cost,8,8,1.0,1.0,0.0,1.745,8,12.015999999999998,0.017677669529663688,0.5666666666666667,10,0,0,0.0,0,0.0,20.41661165235168,326.1917216809817,2.041661165235168,10,16.495930000000005,296.00000000000006,5,3180,10,5,0.5,,0.6294117647058822,,,,,12.015999999999998,event_storm_8,Greedy Cost,,,
event_storm_8-C03,Current-Pending Exact Planner/event_storm_8-C03,Current-Pending Exact Planner,8,8,1.0,1.0,0.0,1.745,8,12.015999999999998,0.017677669529663688,0.5666666666666667,10,0,0,0.0,0,0.0,20.41661165235168,326.1917216809817,2.041661165235168,10,25.894460000000002,296.00000000000006,5,3180,10,5,0.5,,0.6294117647058822,,,,,12.015999999999998,event_storm_8,Current-Pending Exact Planner,,,
event_storm_8-C04,PPO-MLP seed=1101/event_storm_8-C04,PPO-MLP seed=1101,8,8,1.0,1.0,0.0,1.995,8,12.024000000000001,0.0,0.6388888888888888,12,0,0,0.0,0,0.0,21.505,229.06333333333333,1.7920833333333333,12,3.4406,399.9999999999997,6,3731,12,6,0.5,0.5912701934576035,0.5882352941176471,,,10.959079831441244,145.51752085530313,12.024000000000001,event_storm_8,PPO-MLP,1101,results/random_event/minimum_validation_50k_2afa8ec/preliminary/runs/PPO-MLP/seed_1101/models/ppo_mlp_seed1101_step50000.pt,cc0d3d77d0d93ef7ae910b84795405d0bb50811317eb5f310c031d709d30b4e5
event_storm_8-C04,GPPO-Adaptive seed=1101/event_storm_8-C04,GPPO-Adaptive seed=1101,8,8,1.0,1.0,0.0,1.87,8,16.026,0.0,0.7916666666666666,11,0,0,0.0,0,0.0,27.264999999999997,249.255,2.4786363636363635,11,14.243481818181818,399.9999999999997,6,3731,11,5,0.45454545454545453,0.2633875161409378,0.4866310160427807,0.4901173947886987,0.02288748439749587,13.147510192177513,195.110292814897,16.026,event_storm_8,GPPO-Adaptive,1101,results/random_event/minimum_validation_50k_2afa8ec/preliminary/runs/GPPO-Adaptive/seed_1101/models/gppo_adaptive_seed1101_step50000.pt,2f378fc0d7bf6c23dc97402a9f8d0c1e20a5aa7f4a698e32a7ede0d494980b88
event_storm_8-C04,PPO-MLP seed=2202/event_storm_8-C04,PPO-MLP seed=2202,8,8,1.0,1.0,0.0,1.995,8,12.024000000000001,0.0,0.6388888888888888,12,0,0,0.0,0,0.0,21.505,229.06333333333333,1.7920833333333333,12,2.2030833333333333,399.9999999999997,6,3731,12,6,0.5,0.5713155666987101,0.5882352941176471,,,11.865656067530315,164.24267673525014,12.024000000000001,event_storm_8,PPO-MLP,2202,results/random_event/minimum_validation_50k_2afa8ec/preliminary/runs/PPO-MLP/seed_2202/models/ppo_mlp_seed2202_step50000.pt,c88d41a7f2ca7b0173303035d441bb1e3a0bdb09cf4776f9fa43dac1d64d4cf0
event_storm_8-C04,GPPO-Adaptive seed=2202/event_storm_8-C04,GPPO-Adaptive seed=2202,8,8,1.0,1.0,0.0,1.87,8,16.026,0.0,0.7916666666666666,11,0,0,0.0,0,0.0,27.264999999999997,249.255,2.4786363636363635,11,10.98779090909091,399.9999999999997,6,3731,11,5,0.45454545454545453,0.31859264048663055,0.4866310160427807,0.47250431578493474,0.035098339314784,12.93066838871349,202.0273250421956,16.026,event_storm_8,GPPO-Adaptive,2202,results/random_event/minimum_validation_50k_2afa8ec/preliminary/runs/GPPO-Adaptive/seed_2202/models/gppo_adaptive_seed2202_step50000.pt,3350ddee817e440d673517141a3c5d42bcaaf8419c90730933e91e8514f3a33f
event_storm_8-C04,PPO-MLP seed=3303/event_storm_8-C04,PPO-MLP seed=3303,8,8,1.0,1.0,0.0,1.995,8,12.024000000000001,0.0,0.6388888888888888,12,0,0,0.0,0,0.0,21.505,229.06333333333333,1.7920833333333333,12,1.9997,399.9999999999997,6,3731,12,6,0.5,0.5750860671202341,0.5882352941176471,,,12.290278046925863,174.64215320407345,12.024000000000001,event_storm_8,PPO-MLP,3303,results/random_event/minimum_validation_50k_2afa8ec/preliminary/runs/PPO-MLP/seed_3303/models/ppo_mlp_seed3303_step50000.pt,5fe8988e4980eccdff55ccc5d3cbb099ffd2dafa0ff1798b0ef41994113216e3
event_storm_8-C04,GPPO-Adaptive seed=3303/event_storm_8-C04,GPPO-Adaptive seed=3303,8,8,1.0,1.0,0.0,1.87,8,16.026,0.0,0.7916666666666666,11,0,0,0.0,0,0.0,27.264999999999997,249.255,2.4786363636363635,11,12.064763636363637,399.9999999999997,6,3731,11,5,0.45454545454545453,0.39986010031266644,0.4866310160427807,0.4514960593572168,0.02161325776224956,11.845795579390092,167.83870769810775,16.026,event_storm_8,GPPO-Adaptive,3303,results/random_event/minimum_validation_50k_2afa8ec/preliminary/runs/GPPO-Adaptive/seed_3303/models/gppo_adaptive_seed3303_step50000.pt,595253bce8e56358e077b57e3ae9d56c7babaeb6e5a3539be3663c8bf7b0a3c0
event_storm_8-C04,Nearest Legal/event_storm_8-C04,Nearest Legal,8,8,1.0,1.0,0.0,1.995,8,12.024000000000001,0.0,0.6388888888888888,12,0,0,0.0,0,0.0,21.505,229.06333333333333,1.7920833333333333,12,0.07767500000000001,399.9999999999997,6,3731,12,6,0.5,,0.5882352941176471,,,,,12.024000000000001,event_storm_8,Nearest Legal,,,
event_storm_8-C04,Min Load/event_storm_8-C04,Min Load,8,8,1.0,1.0,0.0,1.995,8,12.024000000000001,0.0,0.6388888888888888,12,0,0,0.0,0,0.0,21.505,229.06333333333333,1.7920833333333333,12,0.10007499999999998,399.9999999999997,6,3731,12,6,0.5,,0.5882352941176471,,,,,12.024000000000001,event_storm_8,Min Load,,,
event_storm_8-C04,Greedy Cost/event_storm_8-C04,Greedy Cost,8,8,1.0,1.0,0.0,1.87,8,16.026,0.0,0.7916666666666666,11,0,0,0.0,0,0.0,27.264999999999997,249.255,2.4786363636363635,11,18.8659,399.9999999999997,6,3731,11,5,0.45454545454545453,,0.4866310160427807,,,,,16.026,event_storm_8,Greedy Cost,,,
event_storm_8-C04,Current-Pending Exact Planner/event_storm_8-C04,Current-Pending Exact Planner,8,8,1.0,1.0,0.0,1.995,8,12.024000000000001,0.11375907706589132,1.6666666666666667,12,0,0,0.0,0,0.0,19.41661165235168,240.08933115769196,1.6180509710293067,12,42.36205,399.9999999999997,6,3731,12,6,0.5,,0.5882352941176471,,,,,12.024000000000001,event_storm_8,Current-Pending Exact Planner,,,
event_storm_8-C05,PPO-MLP seed=1101/event_storm_8-C05,PPO-MLP seed=1101,8,8,1.0,1.0,0.0,2.495,8,22.053,0.09493563265930498,0.38888888888888884,16,0,0,0.0,0,0.0,24.318058261758406,236.52150051988244,1.5198786413599004,16,3.04465625,400.0000000000003,6,3807,16,10,0.625,0.829550251364708,0.761029411764706,,,11.318823654276391,149.97533267237768,22.053,event_storm_8,PPO-MLP,1101,results/random_event/minimum_validation_50k_2afa8ec/preliminary/runs/PPO-MLP/seed_1101/models/ppo_mlp_seed1101_step50000.pt,cc0d3d77d0d93ef7ae910b84795405d0bb50811317eb5f310c031d709d30b4e5
event_storm_8-C05,GPPO-Adaptive seed=1101/event_storm_8-C05,GPPO-Adaptive seed=1101,8,8,1.0,1.0,0.0,1.995,8,12.015999999999998,0.1999165764599049,0.4444444444444444,12,0,0,0.0,0,0.0,20.16661165235168,229.58616612542608,1.6805509710293067,12,15.002625,400.0000000000003,6,3807,12,6,0.5,0.93183400730292,0.8186274509803922,0.440331266882519,0.026376559007277783,9.360825031335382,126.03329443292006,12.015999999999998,event_storm_8,GPPO-Adaptive,1101,results/random_event/minimum_validation_50k_2afa8ec/preliminary/runs/GPPO-Adaptive/seed_1101/models/gppo_adaptive_seed1101_step50000.pt,2f378fc0d7bf6c23dc97402a9f8d0c1e20a5aa7f4a698e32a7ede0d494980b88
event_storm_8-C05,PPO-MLP seed=2202/event_storm_8-C05,PPO-MLP seed=2202,8,8,1.0,1.0,0.0,2.495,8,22.053,0.09493563265930498,0.38888888888888884,16,0,0,0.0,0,0.0,24.318058261758406,236.52150051988244,1.5198786413599004,16,1.4058125,400.0000000000003,6,3807,16,10,0.625,0.828532449901104,0.761029411764706,,,9.924924749952817,115.83665941148479,22.053,event_storm_8,PPO-MLP,2202,results/random_event/minimum_validation_50k_2afa8ec/preliminary/runs/PPO-MLP/seed_2202/models/ppo_mlp_seed2202_step50000.pt,c88d41a7f2ca7b0173303035d441bb1e3a0bdb09cf4776f9fa43dac1d64d4cf0
event_storm_8-C05,GPPO-Adaptive seed=2202/event_storm_8-C05,GPPO-Adaptive seed=2202,8,8,1.0,1.0,0.0,1.995,8,12.015999999999998,0.1999165764599049,0.4444444444444444,12,0,0,0.0,0,0.0,20.16661165235168,229.58616612542608,1.6805509710293067,12,14.959133333333334,400.0000000000003,6,3807,12,6,0.5,0.8618198732535044,0.8186274509803922,0.4271872820229166,0.029089148308365342,8.918142440585852,117.80237399416696,12.015999999999998,event_storm_8,GPPO-Adaptive,2202,results/random_event/minimum_validation_50k_2afa8ec/preliminary/runs/GPPO-Adaptive/seed_2202/models/gppo_adaptive_seed2202_step50000.pt,3350ddee817e440d673517141a3c5d42bcaaf8419c90730933e91e8514f3a33f
event_storm_8-C05,PPO-MLP seed=3303/event_storm_8-C05,PPO-MLP seed=3303,8,8,1.0,1.0,0.0,2.495,8,22.053,0.09493563265930498,0.38888888888888884,16,0,0,0.0,0,0.0,24.318058261758406,236.52150051988244,1.5198786413599004,16,3.41754375,400.0000000000003,6,3807,16,10,0.625,0.8270569406449795,0.761029411764706,,,9.652063409108395,118.65723623770947,22.053,event_storm_8,PPO-MLP,3303,results/random_event/minimum_validation_50k_2afa8ec/preliminary/runs/PPO-MLP/seed_3303/models/ppo_mlp_seed3303_step50000.pt,5fe8988e4980eccdff55ccc5d3cbb099ffd2dafa0ff1798b0ef41994113216e3
event_storm_8-C05,GPPO-Adaptive seed=3303/event_storm_8-C05,GPPO-Adaptive seed=3303,8,8,1.0,1.0,0.0,1.995,8,12.015999999999998,0.1999165764599049,0.4444444444444444,12,0,0,0.0,0,0.0,20.16661165235168,229.58616612542608,1.6805509710293067,12,15.414366666666666,400.0000000000003,6,3807,12,6,0.5,0.8927437961101532,0.8186274509803922,0.40579501653297073,0.024470793431753613,8.762875367537367,108.34321771194645,12.015999999999998,event_storm_8,GPPO-Adaptive,3303,results/random_event/minimum_validation_50k_2afa8ec/preliminary/runs/GPPO-Adaptive/seed_3303/models/gppo_adaptive_seed3303_step50000.pt,595253bce8e56358e077b57e3ae9d56c7babaeb6e5a3539be3663c8bf7b0a3c0
event_storm_8-C05,Nearest Legal/event_storm_8-C05,Nearest Legal,8,8,1.0,1.0,0.0,2.495,8,22.053,0.09493563265930498,0.38888888888888884,16,0,0,0.0,0,0.0,24.318058261758406,236.52150051988244,1.5198786413599004,16,0.1197,400.0000000000003,6,3807,16,10,0.625,,0.761029411764706,,,,,22.053,event_storm_8,Nearest Legal,,,
event_storm_8-C05,Min Load/event_storm_8-C05,Min Load,8,8,1.0,1.0,0.0,2.495,8,22.053,0.09493563265930498,0.38888888888888884,16,0,0,0.0,0,0.0,24.318058261758406,236.52150051988244,1.5198786413599004,16,0.1680375,400.0000000000003,6,3807,16,10,0.625,,0.761029411764706,,,,,22.053,event_storm_8,Min Load,,,
event_storm_8-C05,Greedy Cost/event_storm_8-C05,Greedy Cost,8,8,1.0,1.0,0.0,1.87,8,12.015999999999998,0.19297213201546048,0.5277777777777778,11,0,0,0.0,0,0.0,20.16661165235168,234.30449945875944,1.8333283320319709,11,5.761245454545454,400.0000000000003,6,3807,11,5,0.45454545454545453,,0.8128342245989305,,,,,12.015999999999998,event_storm_8,Greedy Cost,,,
event_storm_8-C05,Current-Pending Exact Planner/event_storm_8-C05,Current-Pending Exact Planner,8,8,1.0,1.0,0.0,2.495,8,22.049,0.15058755525269066,1.0833333333333333,16,0,0,0.0,0,0.0,24.318058261758406,241.01207872210944,1.5198786413599004,16,8.65628125,400.0000000000003,6,3807,16,10,0.625,,0.761029411764706,,,,,22.049,event_storm_8,Current-Pending Exact Planner,,,
